5	I loved this recipe .
4	Delicious !
4	This recipe was very good .
4	good cookie , thnx
5	Excellent !
3	Great ! !
5	These are amazing !
5	These are also called \
4	Great ! Icing is delicious .
5	sooo good i used green onions
4	Yummm ! !
5	We really enjoyed this !
5	I agree !
5	These are easy and yummy !
5	Simple and elegant ! Thank you
5	yummy !
5	your recipe sounds very good !
4	This was very good !
5	Awesome , definetely a keeper !
4	This was very good .
5	wow they taste really good
5	Delicious ! ! !
5	DELICIOUS !
5	It 's sooo good
5	This subtle little jewel was delicious
5	Yum ! This was delicious .
5	Excellent ! ! !
5	These are just completely adorable !
5	This is an awesome idea .
5	These were great !
4	These were pretty good !
5	I am anxious to try !
5	Really easy & tastes fantastic !
5	What a perfect holiday drink
5	Yum ! Thanks for sharing !
3	that was ok
5	This is delicious .
5	yes !
5	My family loved this dish !
1	it was just a good try
5	I made these biscuits for a
5	Great ! ! !
3	Ho Hum .
5	Delish !
5	These biscuits are fantastic !
5	yum !
5	This is soooo good .
5	Awesome !
5	Good !
5	Excellent ! !
5	I think you spelled bueno wrong
3	This was just okay for us
5	OMG ! MMMM ... Yummy !
5	Family loved it !
5	best I 've tried yet
5	This is a terrific dessert !
5	It 's Good .
4	i like this on pizza .
5	EXCELLENT ! ! !
5	We really enjoyed it !
5	  we loved this its great
5	This was very good
5	This is so good
5	This is phenomenal ! !
5	Wow this was rich !
5	Yummy !
5	Delicious!!!!Definately a keeper .
4	This is really good !
5	I made this tonight ! Delish
4	Added a banana , delicious !
4	These were yummy ! !
5	This was really yummy
5	Yummy ! ! !
5	I quite agree with moss nezz
5	Yum ! ! !
5	Oh this is so good !
5	My hubbies favorite now too !
5	My son says yummy
5	Yum ! !
4	delicious !
5	everyone loved it
5	This is Fantastic .....
5	Yummy ! !
5	nice info ! Thanks !
3	These were okay .
5	This is very good !
5	This bread is delicious !
4	mmm this was yummy
5	A wonderful cake . < br/>Thanks,<br/>Jan
5	My family really enjoys this .
5	delicious ! !
4	This recipe was so good .
5	DELICIOUS ! ! !
5	Yum !
5	My mouth is watering !
5	This was absolutely delicious !
5	Fantastic . Tasted just right .
5	This is the best soup ever
5	Awesome ! !
5	Great !
5	Yum .
5	Definitely comfort food !
5	Very nice drink , enjoyed it
3	It was ok
5	I use this recipe regularly !
5	this recipe sounds gret Thank you
2	Muffins came out very heavy .
5	These are excellent !
1	It never hardened for me
5	Definitely an all star recipe !
5	yep yep yep ! ! !
4	Tasty !
5	Cajun Sauce sounds great !
5	It was spectacular ! ! !
5	It worked like a charm !
5	wow .. awesome inviting dish ..
4	Very good . Thank you
4	family loved it
5	added some garlic , otherwise fantastic
5	It was a hit .
5	This recipe is a winner !
4	These were delicious ! :)
4	Delicious ! !
3	They were ok .
4	this was very good
5	holy crap this was good .
5	Loved loved loved !
5	This is a family favoritell !
5	Great!Thank you !
5	yum yum !
5	this recipe was wonderful
4	good .
5	this is excellent !
5	I make these every Christmas !
5	Champion recipe .. thank you
5	Yep , best ever !
5	I have a great try
5	they were really good
1	These are not enchiladas .. sorry
5	great stuff steamed these puppys .dee
5	Awsome ! ! !
5	I love it .
5	This was REALLY yummy ...
5	too easy & loved it !
5	I browned the roast ( salt
5	I enjoyed . Thank you !
4	I loved it
5	Excellent ! ! ! !
5	mmmmmmm this tastes awesome
5	it was really easy and fast
5	This is EXCELLENT .
4	I will make this again .
5	Delicious ! ! ! ! !
5	yummy ! ! !
4	This recipe is really GOOD !
5	We loved this , thanks .
5	I forgot to rate it :)
5	Yum ! Thanks
5	These were good .
4	This was good !
5	Sooo amazing ! Thank you !
5	I loved it so much
5	Devine !
5	Delish ! ! ! !
5	delicious ! ! !
5	Om nom nom !
5	husband loved it .
5	This is yummy .
5	This is dangerously addicting
5	This just screams " autumn "
5	yummy ! !
5	wow .. amazing
2	I don&#039;t think this works
5	Outstanding ! ! ! ! !
5	I thought it was very good
5	These Are Very Good
5	Yum , yum !
5	Delish ! Thanks:- )
5	They were excellent !
4	that sounds good and easy
5	The whole family loved them .
5	We like these thanks
5	yummmmmmy ... thanks so much
5	this is good
5	yum ! ! !
5	i love this recipe
5	The beast . Will make again
5	Just delicious . Thank you !
5	This is really good ! !
5	My youngest has a cow milk
5	Delicious ! Thank you
5	yummy thank you
5	Yum Yum Yum !
5	I liked this popcorn .
5	DELICIOUS ! :)
4	Great ! Makes a lot .
5	Deeeeeeeelicious just the way it is
5	wow this recipie is fabulous
5	This is great , thanks
5	It was tasty !
5	Yum - Yum !
5	Easy n good !
5	Yum ! That is all !
5	greeeaatt ! ! !
5	This is a FANTASTIC recipe !
1	the chicken was so dry .
5	Wow i love this mashed potato
4	Does this freeze OK ?
5	mmmmm ! ! ! !
4	Easy !
5	we loved this .dee
4	This was very interesting .
5	This works for me ...
5	This was just delicious !
5	Mm mm better .
5	What kind of cream ?
4	Good .
5	This is Heaven ...
5	I love these cookies
2	I was just ok .
5	it was amazing ! !
5	This ... is ..... AMAZING\
5	This dish is just perfect !
5	Excellent ! we really enjoyed this
4	Excellent . Thanks !
5	I love this dish .
5	wow these are dead on easy
5	OMG this is surprisingly great
5	oh yum
5	Wow ! Ever good .
5	Da'yum' ... this was good !
5	These are superb !
5	OMG , this is good .
1	This product is too day .
5	I love this too
5	this is great !
4	Excellent recipe Thanks Anu .
5	mmmmmmmmmm good ! ! !
5	This turned out to be awesome
5	I Just love it thanks
5	This was a grand slam !
5	This should be Illiegal !
5	This rocks !
2	The dip was good .
5	This bread was wonderful ! !
5	Delicious . Thanks .
3	I absolutely ruined them lol
4	These were delicious !
5	My kids LOVED these .
5	These are dreamy
5	Yum ! ! ! !
4	It was very good !
5	This recipe was awesome .
5	excellent !
5	This is SENSATIONAL !
5	This was really nice ...
5	m omlet was same like this
5	We all liked this one !
5	This was absolutely delicious .
4	This was good :)
5	This is awsome ! ! !
4	This tasted great !
5	Excellent ! Thank you :)
5	Delicious ! Thank you ! !
1	yucko !
5	awesome !
5	Very good . Thank you .
5	Wow ! !
5	Spot on !
5	this was an awesome recipe
5	Zesty !
5	This was very tasty ! !
4	boys loved it
5	Yum ! ! Good !
5	Whole family loved this !
5	This is a keeper !
5	It was great thx
5	Perfect recipe ! Love it !
4	The sauce for the tacos rocks
5	i love this stuff cherry bombers
5	awesome ! ! ! !
5	i loved the vegetables
3	It was an ok stew
5	These cupcakes are so yummy !
5	It was delicious .
5	darlene loved this thanks for posting
5	l had meatloaf on tuesday
5	These are pretty tasty !
5	Yumm yummm
5	This was a tasty meal !
4	I added some mint leaves
5	Made for dinner hubby loves it
1	what a bust .....
2	This is only ok .
5	Yum yum !
3	This was just ok .
5	Oh , yum !
3	We did not like it
5	deeeelish !
5	Greeat chicken . Will make again
5	Now this is Jerky !
5	My family loved this meal !
5	thanks !
5	Yummy ! ! ! ! !
5	I really liked this salad .
1	We thought this was very bland
4	This was good .
5	My kids loved this !
5	my husband loved it !
5	These are awesome !
5	I could eat this everyday !
4	We really liked this punch .
5	this was very very good thanks
5	Delish ! ! !
5	easy & tastes great
5	i love this casserole very much
5	my triplets love this dish
4	Mmm good !
5	Excellent ! ! Super ! !
5	Mmmmm ! This was wonderful !
5	lovely recipe , really recommend it
5	The family loved them . Thanks
5	Definately a keeper .
5	i love brussel sprouts now .............
5	This was really good !
5	Fabulous ! A must make !
4	I really enjoyed these .
4	This was nice and juicy !
4	These were pretty good .
5	It was really good !
5	This recipe is great ! !
5	this sounds like a keeper
5	Super - tasty !
5	Fab !
5	I loved these !
5	these were good
5	this was excelent
5	this is very nice , dee
5	Very good!!didn't change a thing~~~PeggyLynn
5	It was totally tasty dudes
5	My husband likes this .
5	Even the kids like them !
5	I love this easy casserole !
1	This was terrible
5	This was delicious !
5	I added a turnip .
5	Awesome ! ! ! ! !
2	This cake needs salt !
5	I Love it !
5	Yummy ! Thank you PattyKay !
5	Mmm , this was yummy !
5	Delicious ! ! ! !
4	these was really good
5	VERY GOOD ! Thanks Ruth .
4	That looks really good !
5	This was excellent ! !
5	We loved it , thanks !
5	Everyone loves this glaze !
5	Yum :)
5	We really loved it !
5	This was AWESOME !
5	Great ! ! ! !
5	This was just GREAT ! !
5	This sauce was just excellent .
5	Great recipe , loved it !
5	this is a great sandwich
5	Terrific !
5	Kids love this !
4	I loved the flavors together
5	Thanks your sister Sarah
5	this is really excellent
5	I use cashews so good
5	great ! ! ! thanks
5	My Family Loved this recipe .
5	Delish ! ! ! ! !
5	It was really good .
5	Everyone calls it bannock lol
5	DELICIOUS ! ! ! Thanks !
5	childhood remember ME
5	Yummy ! Turned out great .
5	This is delicious !
5	Yummmmmmmy !
3	Bland . Needs more spices .
5	Terrific ! !
4	This was great !
5	Great cookie thank you .
5	They were delightful !
5	Wow ! Sooo good ! !
5	Delicious ! ! ! =D
5	i love these cookies
5	I love this recipe !
5	it was the best
1	Mine came out thin and sour
5	Easy ! Yummy !
5	These are wonderful .
2	No amount is given for water
5	Delicious ... everyone enjoyed it !
4	very good , thank you !
5	Wonderful . Thank you .
5	Hubby really liked this .
5	Awesome ! ! ! !
5	This was awesome , thanks !
5	Oh YUM !
5	We love it !
5	Soooo goood !
5	this stuff is addicting
5	very nice.love the peels.will make again
5	Very good , thank you !
5	This sauce is great !
5	Thanks Manda !
5	great ! ! ! !
1	Not the best
5	OMG ! ! Deeeelicious ! !
5	Everyone loves it .
5	Wife Loves It .
4	This recipe turned out great :D
5	This soup was really good .
4	i thought this was pretty good
5	This stuff is awesome !
4	it was pretty good !
2	esta bien
1	This was horrible .
4	Recipe is easy and tasty .
5	Added paprika . Excellent !
5	Simplicity is the best .
4	the family loved it .
5	Delicioso !
5	Terrific . Everybody loves it .
5	This recipe is sooooo good !
4	This was great .
5	yum ! !
5	Wonderfull !
5	My whole family loved these !
5	mmmmm good
1	These had an odd taste .
5	I enjoy these ALOT !
4	This was pretty good
5	I love these pancakes
5	Awesome ! ! !
5	Great . Thanks
5	Excellent ! :)
5	This is excellent .
5	What a hit !
5	We loved these .
5	Yum Yum !
1	This recipe is completely incorrect .
5	Perfect ! Thanks !
5	Did everything accordingly came out good
5	This came out absolutely perfect !
5	I 'm in love !
5	My son loves this
5	This was a wonderful salad .
5	good an will try again
5	These were awesome!Thanks , Linda
5	definetely a keeper!!!!!!delicious tangy flavour
5	Excellent ! Thanks for sharing !
5	Whole family enjoyed these A+
5	Best cookies made .... gotta luv&#039;um
5	Good recipe ! Thank you .
5	that looks so yummy !
5	Excellent one !
5	Everyone loved these ! !
5	THX !
5	WoW !
4	That was good
5	great !
4	Husband loved it .
5	This was absolutely delicious ! !
5	This is amazing ! !
5	Good ingredients made ! ! :)
5	Wonderful ! Will make again !
5	This deserves a 5,very yummy
5	Wow ! This was great .
5	These rock ! Yum !
1	This recipe was HORRIBLE
5	yumm !
5	It 's great !
4	Yummmmmy ! ! !
5	These were a big hit !
5	My family really enjoyed this !
5	Best O have ever made !
5	This is a wonderfull recipe
5	This is a Winner !
4	it is a good recipe
5	Great , Easy .
3	We thought this was bland .
5	What a great idea for Ragu
5	mmm mmm good !
5	Yum ! Perfect .
1	I did not like this .
5	My whole family loved them !
5	We loved it !
4	these are great
5	this is vey good !
5	These are great !
1	These were terrible
5	Yummy ! Thanks mydesigirl . Bullwinkle
2	husband thought recipe was slightly bland
5	These are so good , not
3	it looks so good
1	This was bland and tasteless .
5	I agreed with Messy44
3	The egg is absolutely unnecessary .
5	Heaven . Thank you
5	Mmmm ... delicious !
3	It was okay .
5	I love this potato salad !
5	Excellent .
5	That 's a good meatball !
5	It was great . Thanks .
5	Super !
5	Perfecto !
5	This is great
5	wow thanks i helps alot
5	yummmmmmm .....
5	There are delightful
5	GREAT ! ! ! !
5	WOW these are great ! !
5	I will make this again !
5	Delicious ! This is a simple
5	It was excellent:- )
5	I loved these , yum !
4	I loved this one ! !
5	simple i like the lemony taste
5	This was liked by all !
5	Just like Rio , thanks .
3	That was ok ....
5	Kids love this
5	yummielicious ! ! ! !
4	Denmark Neighbors loved it .
5	Delicious ! Thanks for posting !
5	i love paula deen lol
5	it was great
5	Delicious , easy . Thanks !
5	A++++ Was GREAT ! !
5	So easy and delicious thank u
5	delicious ! ! thanks ..
5	Omg!Amazing .
5	this is the best ! thanks
4	i thought this was sensational !
4	Thanks , Nice recipe !
5	Wonderful ! Will make often !
2	I am not a fan
5	Amazing ! I used butterscotch !
5	This is sooooo good ! :)
5	Yummmy !
5	In a word YUMMM ! !
4	We enjoyed this very much !
4	yep !
5	they are awesome
5	Dish was absolutly devine
5	This is a new favorite !
5	Very good love it .
5	This is good stuff !
5	My family loves this !
5	excellent .
3	This is good .
5	Yummy ... these were fantastic !
4	This was tasty !
5	This cake is awesome ! !
5	added 1tablesppon butter also great dish
5	what 's not to like ?
5	this is a great recepie
5	I really loved this recipe !
5	my rowing crew loved them
5	It worked !
5	this is really googd
5	delicious ! :)
5	Excellent ! Thanks for sharing .
5	Delish ! !
5	This is awesome
5	What a surprisingly delicious combination !
5	This was great , thanks !
5	These are very good .
5	so very good , got milk
5	wow ! !
4	The sauce is really good .
4	this was very good thanks .
5	oh man ! so good !
5	This looks delicious .
4	I send a foto
5	This was easy and delicious .
5	These are great cookies !
4	The family enjoyed these !
5	These were good ! !
5	Aaaaaamazing !
5	Wow , delicious .
5	Added spinach ! Amazing !
5	The whole family loved it !
5	What excellent chicken !
5	  I love macaroons .
3	Prety yummy , thanks !
5	These are always yummy !
5	thisis great
5	This is superb ! !
5	This is the best !
5	These are wonderful bars !
5	good good
5	Fantastic ! ! Thank you
2	I like my Ribs slow cooked
5	OH SO GOOD Loved it
5	We loved these ribs
5	I made this with pork
3	My son likes this one
4	i loved it . very good
5	Yummy this recipe is awesome !
5	This recipe was fantastic !
5	yum .... yum ... yum ....
5	My picky toddler loves it .
5	Awesome ! thank you !
5	Easy peesy !
5	Everybody loved these ! Thanks !
5	These were excellent !
5	HAHAHAHA I love this recipe ...
5	Thish ish my fav'rite cruitfake.:D
5	this recipie was very great !
5	These brownies tasted great !
5	Agreed -- this is delicious !
5	my kids love it
4	Is the cheese optional ?
4	This was tasty .
5	This recipe is delicious !
5	YUMMY ! ! !
5	These are great ! Thanks !
4	My family loved them !
5	my family loves it ! !
5	Freaking yum !
5	This is brilliant :)
5	Excellant !
5	All I got ta say is
5	We loved them !
5	We loved it ! ! !
5	Awesome recipe just added enchilada sauce
4	Everyone really liked it .
5	This looks really good !
5	They tasted great !
5	Awesomeness !
5	This was excellent !
5	It turned out amazing
5	I also LOVE it .....
5	hmmmm yummm
5	This was bludy good tucker
5	Wow !
5	They were great ....
5	This is fantastic .
3	it was ok , thanks
5	Just like my mother makes .
5	WOUNDERFULL ! ! ! !
5	YUM ! ' nuf said .
5	Bravo ! ! !
5	Cool !
3	This has a nice flavor .
5	i like this recipe am 10
5	Hell yah !
5	We loved it
4	This was good , thanks .
1	they did not turn out .....
5	great drink loved it
5	wow this is great
5	This is excellent ! !
5	This is the best
5	wow ... delicious
5	These are fantastic !
5	These were good thanks
5	Heavenly ! Fool proof .
5	My family loves these !
5	Oh , yum ! ! !
5	it sounds good
5	It is a keeper .
5	This filling is absolutely beautiful
4	great tasting will make more Robyne
5	These are very tasty .
5	i love this salad dressing !
5	This recipe is awesome ... Thanks
4	This was pretty good !
5	Perfect ! We loved it !
5	This was wonderful .
5	this is a great pizza .dee
4	Brie lovers delight !
4	mmmmm .
5	mmmm these were good
4	very nice . Thank you
5	very good , thank you
5	I enjoyed it !
5	MMhmm !
3	Easy .
5	Amazing ! Thank you !
4	I liked this dip . Thanks
5	I loved this !
5	Divine ! ! !
5	PERFECT ... 'nuf said ! !
5	This is was super good .
5	darlene kosssman had this recipe also
5	We just love it .
5	My DH loves this drink .
5	yummm ! ! !
5	DELICIOUS . that s all .
5	This was delicious ! ! !
5	We loved this with chicken !
5	This tastes ' good !
5	I love garlic pork .
5	Yummo ! ! !
5	The family loved it .
5	This tastes great with malabar spinach
5	this was a grrreat receipe
5	We made these , delicious
5	wow ts right thanks for posting
5	yummo !
5	You are a great cook
5	Thanks .
5	lovely salad .. loved it !
5	I love it !
5	The kids LOVE this !
5	We loved these !
5	Easy peasy ... loved it !
5	This is wonderfully delicious !
5	What an awesome recipe !
5	Gorgeous ! A must try !
4	Recipe was unique yet tasty .
4	My kids even loved this !
5	this is just sooooo gooood
5	This is like drinking dessert !
5	wow lots of flavor try this
5	Awesome ! Thanks .
4	I like !
5	Susan likes this
5	Yyyyuuuummmmmm ! ! ! ! !
4	These were fantastic !
5	This one 's a keeper !
5	Great recipe ! Thank you !
4	Yummy ! Thank 's Elana !
1	Ew it tasted terrible
5	Yummy . Came out perfect .
5	Even the Baby LOVED it
5	Yeah ! ! !
4	Good , thanks !
5	Grazie grazie , grazie !
5	Thanks my husband loves this !
4	boyfriend loved it . thank you
5	This bruschetta is absolutely delicious !
4	This was great OUTSTANDING !
5	I 'm addicted !
4	These worked really well .
4	My husband loved these cookies !
5	These cookies turned out perfect ;)
3	Not a very good o
5	My family love these cookies ...
5	It turn out great
5	These are absolutely delicious ...
5	easy tastes great
5	yes , this is good .
5	I love this chicken .
5	This was amazing ! ! !
5	my whole family loved this !
5	easy n good
5	This was just simply Excellent !
4	These were quite good
5	how amazing love it !
5	These were amazing !
5	Classic ! Thank you !
5	This recipe is easy and wonderful
5	Yum ! ! ! ! !
2	Beans & Mushroom Combo is Fantastic
5	WOW ! ! Delicious ! !
5	Wonderful but takes time .
5	these are great =)
5	I really like this recipe .
5	Yes ! ! ! ! !
5	this was really good :)
5	This was so good
5	Very yummy ! Thank you !
2	We thought it was bland .
1	It was horrible .
5	Just like Mom 's !
5	This looks really good
5	55555555555 stars this look so good
5	This is amaaaaaaaazing !
5	Very tasty ! Thanks for sharing
5	These are awesome ! Thanks !
5	This turned out fantastic !
5	Amazing cauliflower ! Yum !
5	The whole family loves this !
5	Yes , this is perfection !
5	This is the best cheesecake !
3	You forgot the oil .
5	Yummy ! I remember these
4	Simple and tastes great too .
4	It was awesome ! ! !
5	how cute is that =]
5	It came out wonderful !
1	it 's only ok
5	it is sososos good
5	this really is the best ever
5	It was wonderful !
5	omg ...... awesome !
5	best cookies ever bar none
2	eh ... it coulda been better
5	you 're the daddy faultless
5	I love these things !
5	This is great ! ! !
5	Just like Bennigans !
5	Yummmmy !
4	this is great item
5	I quite agree
5	This was so yummy !
5	Yum Yum ! !
5	My family loved it !
5	it was super good and beautiful
1	this was such a mess
5	Yum ! Yum ! Yum !
4	i loved it !
5	The dressing is fantastic !
4	I used Prego 4 cheese
5	These are sooooo yummmmyyyyy
5	wow good
1	it exploded ?
5	MMMMMmmm ! ! !
4	these chewey cookies are satisfaction !
5	These were the best ! !
5	We loved this recipe .
5	It was delicious thank you !
5	Definately a keeper !
5	This was amazing & simple .
4	these are extremely addicting !
5	EXCELLENT thank you !
5	This is awesome .
4	family loves this .
5	yummy ! ! ! !
3	i luvd it
5	it was yummy yummy
1	Yuck . My whole family gagged
1	This was not very good .
5	This was awesome . Thanks .
5	Terrific ! Thanks !
5	They were perfect !
5	darlene used cherry pie filling also
5	THIS IS REALLY GOOD ! !
4	The chicken was delicious !
1	This was not for us .....
1	This had no flavor .
5	My family LOVES this
5	It turned out great and cheesy
5	Deeeeeelicious !
1	This recipe was very bland .
5	Wonderful- whole family loved it !
5	OMG ! Soooooo good !
5	This turned out great !
5	These sound divine ! Yummmmmmm !
5	I love the peach addition !
5	Yummmmmmmmmm ! !
5	those look so delicious !
5	Good eats !
5	This is fantastic !
5	such a good salad !
5	We loved it!!!<br/>Definitely a keeper .
5	Oh , yummm !
5	these were fun and delicious .
5	Easy ! Great little recipe .
1	Just a complete flop !
5	Delish ! ! ! :)
5	It was awesome ! !
5	The flavors are so good .
5	These are Yummy ! ! !
5	These are DELISH ! ! !
5	My family loved it ! !
5	May I have some today ?
5	awsome ! ! ! !
5	These are my favorite cookies !
3	Can I make this without grilling
5	My husband LOVED this !
5	this is awesome !
5	this is how i make these
3	This was a little bland .
5	My son adored this !
2	We threw this away .
5	Fiberlicious !
5	This was great ! Thanks !
5	I deleted the bacon and added
5	Excellent - we really enjoyed !
5	scrumptious !
4	excellent thank you ! !
5	This is amazingly good .
5	Outstanding ! Made me smile .
5	Excellent ! ! Great flavors !
5	Winner ! This is excellent !
5	Supergood !
2	The edges were good .
5	This was wonderful !
4	My little girls loved it !
5	Ummmmmmmmmm!Goooooood !
5	These were great!!Thanks
5	What a delicious recipe !
5	These sound so tasty
5	oh Yeah !
5	This was amazing dish
5	mmm ........ XD
5	I love this !
5	I love this salad !
5	These taste amazing .
5	My husband loved this .
4	Can this dough be frozen ?
5	This stuff is addictive .
5	These were really good
5	This is wonderful ! !
5	These are wonderful !
5	This is a WONDERFUL recipe !
5	Wonderful Meal everyone loved it !
4	This is simple and good
5	Wow . Outstanding .
5	Excellent ,
5	excellent ! ! ! !
5	We simply loved this .
5	These little gems are addicting !
5	Dee - lish ! :)
5	Mmm ! These were excellent !
5	Fantastico !
5	Spectacular . Thank you !
5	Everyone LOVED them ! Thanks !
5	Wonderful recipe , loved them !
5	Oh , goody !
5	Oh Yum . They were perfecyt
3	Quite a nice one !
5	This one is yummy !
5	Excellent Soup ! Thank you !
5	Excellent , easy
5	This was an outstanding meal !
5	Yum ! ' nuf said !
4	We enjoyed it .
5	great salad we enjoyed it
5	This is soooooo good
5	Brilliant ! ! ! ! !
5	these are AWESOME !
5	PERFECT ! Thank You ! !
3	nice ! ! ! !
3	I added rosemary to add flavour
5	Tender ! ! !
5	Quite an expression kee wee
4	Good scone recipe . thank you
4	This dish is wonderful!!!:- )
5	Yum . Will make again.= )
5	It was everything ! ! !
5	this is great
5	Oh how l love the 70s
5	Excellent , excellent , excellent !
5	we love this recipe !
5	This sauce was delicious !
5	This sauce is so delicious !
5	It&#039;s good .
5	amazing ! added more jalapenos !
5	easy to make and tastes great
5	Dear goodness YUM ! ! !
5	Very nice ! Thank you
4	It was good .
5	Kids loved it . Thanks !
5	Very good recipe worked wonders .
5	Nothing sticks ... wonderful !
5	Ditto !
5	Yum , Yum !
5	This is incredible !
5	Everyone at work loved it .
5	HAHAHA Jane49423 ! Me TOO !
5	Very good , Thank You .
5	Yum - o !
5	excellent ! Thanks for sharing !
5	DANG these are tasty ! !
5	Wow .
2	it looks interesting
5	Oh my ... delicious ! !
3	This was okay ....
5	greAt ! !
5	Wow , that was delicious !
5	Simple ! Thanks . :]
5	Soooo Yummy ! Thank you !
5	Mhhhh delicious !
4	I enjoyed this meal .
5	Loved , loved , loved !
5	This is addicting ! ! !
5	Nice ! Thanks for posting !
5	Everything about it was awsome
4	They were good
5	that was perfect ... just perfect
5	delicious ! ! ! ! !
1	This did not taste good .
3	Fizzy makes me happy
5	I like it .
5	Great marinade ! Thanks
5	i love it
5	Thanks mirj !
5	This recipe is excellent ! !
5	test ... tx !
5	this was a great success
5	This is excellent lemonade ! !
5	This is just great !
5	Thanks ! Quick and easy !
5	Yum , thanks !
5	Is mayonnaise an instrument ?
5	this is so simple tastes great
1	The recipe is so easy
5	This recipe is FANTASTIC ! !
5	awesome , the best !
1	worst soup ever I puked bare
5	OMG ! Family loved it .
5	* yum ! ! *
5	Great recipe loved it
4	Kids really enjoyed this .
5	Scrumptious !
5	Really gorgeous ! Thank you !
5	Fantastic ! Thank you !
5	Yum ! Thanks !
4	they were wonderful !
5	I 'm amazed .
4	this was lovely ! ! !
5	We LOVED it !
5	yummy ! ! Thanks :)
5	We loved this soup !
4	Double the potatoes !
5	YUMMY :o WOW
5	excellent ! !
5	Wonderful ... fajitas tasted GREAT !
5	Excellent ! Thank you .
5	D - lish !
5	These are great for breakfast !
5	Excellent ! thanks for posting !
4	Thanks , I enjoyed this .
5	We really enjoyed this .
5	this was fantastic !
5	This is very delicious !
5	These are nice and crunchy .
5	Love , Love Love .
5	this food brighten my day
5	This looks MARVELOUS !
5	This looks wonderful
5	i add some Old Bay
5	Everyone loved this recipe
5	This is very good .
5	I LOVE this dip .
5	Good one !
5	Excellent , everyone loved them ..
5	it was really nice and tender
5	outstanding . Thanks !
5	These were very good .
1	Soup is not an ingredient .
4	Great recipe ! Love it !
5	Boy is this delcious !
5	Wonderful , thank you .
5	This was Great !
5	Yum , yum ! !
5	I forgot my five stars .
5	This is a good sandwich
5	Great ! Thanks !
5	It was great !
5	I absolutely love this recipe !
5	This is awesome !
5	Super yum ! Thanks !
4	Grat recipe ! Thank you
5	i like it !
5	This is excellent !
5	This rice was perfect !
5	OMG it 's delicious !
5	these were great , thanks
5	good . < =
3	that was ok since its healty
5	Great recipe ! Will make again
5	Everyone here liked it .
4	Yummmmmmmmmmy ! ! !
4	OK i like
5	Soo moist ! Thank you !
5	I love this sauce
5	this was the bomb !
2	Okay .
5	I love these !
5	Everyone loved it .
4	Yum ! This was good !
5	made this tonight they were great
5	I love it and it work
5	Jalepenos are my favorite food
5	l like spicy burgers
5	These are the best !
5	i love this
1	These were awful
4	Spectacular ! Thanks !
5	Excellent recipe ! Thank you !
5	De.lic.ious !
5	  i loved this . dee
5	These sound so yummy .
5	My kids love this recipe !
5	this was great .
5	This recipe is amazing .
5	Delious ! !
5	Really great loved them .
5	Omg luv luv luv it
4	Yummeeeee !
4	Rich ~ needed more mayo .
5	This recipe sounds delicious !
5	Awesome . Thank you .
5	Mmm , its so good !
5	Eggerific ! ! !
5	Wildflower try it at home
5	i made these they are wonderful
5	Just Fantastic , enough said .
5	Excellent ! ! ! ! !
5	Yum ! Thanks for posting !
4	This was really good .
5	I love this snack !
5	These taste good .
4	My skeptical husband loved this !
5	My husband loves it .
5	beautiful recipe ! ! sounds tasty
5	Excelent !
5	This is a fantastic recipe :)
5	my kids love them
5	This is excellent . Thanks
5	This turned out beautifully !
4	I liked this very much .
5	Omg i love this recipe
5	Yum , this is good !
5	Awesome!!!!!!!!It 's a keeper ! !
5	The hamburger was great amen
4	Magic ! Thank - you .
5	This was great thanks .
4	This is really yummy !
5	Oh freakin YUM ! ! !
5	Yummmmm !
5	goooood ! ! !
5	excellent ! ! ! ! !
5	my husband loved this recipe !
5	this is wicked good stuff
4	Just like eating out !
5	This soup is absolutely delicious !
5	Good biscuit ! !
5	Fantastic ! Smells devine !
3	mmm ... ~yummy
5	This is awesome ! !
5	Easy peasy !
5	Not a Mac
5	uh ........ YUMMO !
5	I love this RECIPE !
4	Perfect method , never fails .
5	Perfect is what it is !
5	It really works !
5	Perfect ! Thank you .
5	good !
5	I liked it .
5	Purrrrfect !
5	lovely outstanding it 's the best
1	Who wanna play some fortnite
4	We will be having this often
5	Divine ! A must try !
5	These were terrific !
5	Dee - licious !
5	yummy , yummy
5	yum yum yum
5	Wow ! ! ! !
5	This recipe was spot on !
5	I also added black beans .
5	Entire family highly enjoyed .
5	That tasted GREAT ! ! !
5	i 'll drink to that !
5	LMAO .... Great recipe !
5	my kids love this too :)
5	Very good ... will make again
5	Not a piece left !
3	these were very very crumbly
5	This recipe is courtesy of http://www.originalspepper.com
4	They were delicious and so easy
5	Why not ?
5	It was terrific !
5	Yumm ! ! !
5	Should the eggplant be peeled ?
1	it was okay
5	These are soooo decadent !
5	My husband loves this recipe !
5	Amen !
5	Awesome . Everyone loved them .
5	These were great and easy !
3	I tasted the beets .
5	WOW ! ! ! !
4	Um yummmmmmmm !
5	This is my favorite cocktail .
5	This recipe looks wonderful !
5	simply fabu ! ! !
4	This is a Great mayonaise
5	This is so good !
5	This is soooooo good .
5	Yummy ! We really enjoyed these-
5	These are also known as scotcheroos
5	These are Great !
3	WAYYYYY to much dressing !
5	These turned out great !
5	We loved it ! ,
5	Tony would be so proud !
5	It Looks Good & tasty !
5	Huge hit , everyone loved them
5	This turned out amazing !
5	I love the zesty flavor here
5	The whole family enjoyed this one
5	This ChickenPotPie is delisois .
5	Everybody loved it !
5	Awsome !
5	My family loved this .
5	Kids loved this !
5	Awesome - thanks ! ! !
5	My fiancee voted this delicious .
5	this turned out great
5	My kid loves this stuff .
5	This is wonderful !
4	Very refreshing . Thank you !
5	My friends loved it !
5	Perfect ! ! Yum ! !
5	Yumm - mmy ! ! !
5	Sooo good ! Nuff said .
5	This gravy is just perfect !
5	This recipe is awesome !
5	We say WOW !
5	This was really good
5	My family loves this recipe !
5	Awesomely delicious . Thank you .
5	I like this recipe .
5	Scrumptious ! Thanks !
5	I love this dish
5	Tis is simply FANTASTIC !
5	Thanks Sarah !
5	I love these rib eyes !
5	These are absolutely delicious ! !
2	It was pretty bland
5	This is a wonderful recipe
5	EXCELLENT ! Tastes fantastic .
4	Crabstick batter how to nake it
5	I added green peppers
5	I love it ! ! !
5	Delicious ! Followed the recipe
5	Fantastico ! ! ! !
5	This spice is Wonderful !
5	BAM good !
5	yum .
5	This sauce is really yummy !
4	delicious ! ! ! !
5	this is the best crust ever
2	It is a mediocre dish .
5	Very good ! Thank you !
5	The title says it all .
5	this made my day :)
5	Mmmm ... yum !
4	YUM !
5	.... ^________^
5	Delicious ! Lovely flavours .
5	Delicious ! Loved it thanks .
5	I love it
5	Absolutely phenomenal ! Thanks you !
5	Garlic lovers dream !
5	This soup is GREAT !
5	This recipe is awsome !
5	Creamy ! !
5	You TKO'd it !
5	This was soooooo good !
5	This is sooo good thanks Debe
5	great meatloaf we loved it
5	very good everyone loved this .
5	This is delicious
5	This recipe is great !
5	Yummy ! ! ! !
5	Whenever the bananas look ripe
5	These were tasty !
5	VERY!!!yumh!!!yumh ! ! !
5	This is my favorite martini .
5	awesome ! !
5	I like this ! ! !
5	I loved it !
5	it tastes amazingbut must be perfect
4	athis recipe is a great one
3	this tastes like cornbread
2	It made 16 not 25 cupcakes
4	It tasted great !
1	I directly followed instructions without substituting
5	i liked the cupcakes
1	Actual corn bread wth
1	They tasted like cornbread
5	Thanks !
5	i like it
5	Slurp ! More please !
5	YUM ! Thanks .
5	mmmmm ca n't stop eating !
3	I always use chicken cubes
5	WOW ! Very Good.:D
5	This was fabulous !
5	Amazing ... enough said .
5	wonderful muffins thank you !
4	It was delicious !
5	you sure know filipino cooking
4	It was o.k .
5	We love these .
5	Excellent ! Thanks for posting .
4	Good except it needs salt !
5	These shrimp are deeeeeeelicioussssssss !
5	My whole family loved it .
5	This needs 10 Stars !
4	i love it ! ! !
5	these were very tasty thank you
5	Excellent idea ! Loved this !
5	it is good
5	Just made loved it .
5	we love it ! !
5	yummy ! great flavors .
5	Amazing ! Fantastic Recipe .
5	this is a five star
5	my husband loved this recipee
4	Don&#039;t put
5	Wonderful recipe ! Thank you !
4	This is a wonderful dish !
5	Great cookies ! Thank you !
5	Oh yum !
5	i just love non veg
5	I like this recipe !
5	Wow , very good !
5	My family loved these ! !
5	Pretty fantastic must try
5	I made it today.taste really good
5	these were DELICIOUS ! thanks
5	This mumbo sauce recipe bangs !
5	is this cameron dallas mom
3	It 's okay
5	This sauce is excellent ! !
5	Amazing Delicious Thanks a lot
5	Yummo !
5	kids loved it
5	Definately the best ever !
5	Excellent Thanks !
5	Oh , wow !
5	This is a delicious recipe !
5	Can I halves this recipe ?
5	Yum ! Will make often .
5	This turned out so well !
5	mine tuned out great thank you
5	These were awsome . Thanks
5	Best . Ever .
4	Seriously ? good
5	Very good ! Thank you .
5	Deliciious !
5	these things are delicious
5	fantastic ! ! it was scrumptious
4	pretty good ! will make again
5	Yes !
5	That was a good one !
5	These are so good !
5	What a great combination .
4	My husband said
5	it was amazing !
5	I too used Panko.&lt;br/&gt;Phenomenal ! !
4	My hubby loved them ! ..
2	this filling was too dry
5	Easy and everyone loved it .
5	Yummo .... Excellent !
5	perfect ! ! ! !
5	This is GENIUS
5	Awesome - perfect - o !
5	it was really good
5	This was very good . Thanks
5	Excellent . Enough said .
5	lol someone does n't like honey
5	These are delicious !
5	Thanks again for all !
5	This is easy and excellent .
5	These cookies were absolutely fantastic !
5	HIC ! What toothache ?
4	good recipe would use again !
5	I love this recipe ! !
5	I love it . Thanks .
5	I thought it was great !
5	Hubby loved it !
4	Good , Thanks
5	Wonderful salad thank you for posting
5	AWE - SOME ! Thanks !
5	Great ! Thank you !
5	This was a good biscuit .
4	This was yummy . Thanks
5	  i love your smoothies.dee
2	There is trans fat in it
4	1/2 cup of vodka will do
5	my dad even liked this !
5	These muffins are perfect !
5	I love this stuff ! !
3	Recipe # 54328 is better
5	great ! !
5	This sounds great !
4	My son really loved this .
4	Quick ' n Easy !
5	Great buns!!Thanks Linda .
5	It was delicious ! !
5	I flippin love this recipe .
4	Very yummy ! Thank you .
4	this was pretty good !
5	Good ! !
5	I loved this recipe !
5	It 's simple and delicious !
3	These were best served cold ...
5	These biscuits turned out awesome !
3	It turned out ok ,
4	This was very refresing .
4	Moist n yummy !
5	We loved loved loved these !
5	i liked this alot dee
5	What 's not to like ?
5	barb larsen makes this its wonderful
4	These were good !
5	Done well . Cheers
5	This was enjoyed very much ,
5	Delicious ! Thank you !
5	Opps ... wrong recipe !
3	These were good
5	I also added black olives
5	mum mum good !
3	It looks really nasty .
4	my bf loved it
5	awesome ! thanks
5	Yummmmmmy ! ! !
5	this was good thanks
2	We did n't like it .
5	of course - great !
5	MMMMMMM mmmmmmm good !
5	My husband loves this dish !
5	This came out really good .
5	Wonderful ! Thanks Spatchcock !
5	I love this recipe
4	nice ! ! !
5	Great , just great !
5	This is easy and delicious !
5	This dip tastes incredible !
5	Delicious ! ! we loved it
5	Your right this was fantastic !
5	Wow ! ! !
1	sorry but ... yuck
5	Outstanding ! ! ! !
3	Not the best Beef Stroganoff .
5	it was delish thank you !
5	This cheesecake is amazing !
5	Mouth watering
5	This dip is excellent !
5	Deee - licious !
5	This meal was fantastic thank you
5	your an excellent chief .
5	tis is da bomb ..
5	it 's a winner !
1	This is too dry .
2	These were kind of dry .
5	This is a favorite !
5	This was so good !
5	Entire family loved it ! !
5	it was yummy
5	Perfect , thanks !
5	I love this stuff !
5	Srumptious !
5	AWESOME ! ! !
4	This is a wonderful recipe !
5	delish !
5	This was easy and delicious !
3	This was O.K.
2	Recipe is too sugary .
5	recipe was great
4	I love joppiesaus
5	My Family enjoyed this very much
5	my kids love this recipe
5	sinfull ! ! !
5	These are the best ever !
5	Now that 's good !
4	Sweet .. we loved it .
5	I love this recipe ! :)
3	It was ok .
5	My whole family loved it !
5	This tastes incredible !
5	awesome , definetly a crowd pleaser
5	This was awesome !
5	Wonderful ! Thank you .
4	we used evaporated milk .
5	This sounds wonderful ! ! !
4	these were pretty delicious !
5	Likey likey ! ! !
5	Wonderful , thanks !
4	family liked this
5	These are to die for !
5	wow what a great casserole
5	A Christmas dinner hit !
5	This is such a cute idea
5	What fun ... great idea .
5	great thank you
1	Uggghhhh .
5	This recipe was a hit !
2	It is O.K.
5	The flag Cake it really good
5	IMust try
5	I will have this soon !
5	Excellent ! Thanks for posting !
5	WOOOOOOOOOOWIE ! This was delicious !
5	I love blueberries
5	This is a great pizza
5	I LOVE pizza ! !
5	Delicious ! ! Love Flavors :)
5	Y - u - m !
4	It was pretty good .
5	My kids love this !
5	mmmm ... good
5	Oh yeah .
5	wowser love this cherry bombers
5	YUMMY !
3	This was good and simple .
4	they are grate ! ! !
5	this was GREAT !
5	Absolutely fabulous . This
3	This turned out AMAZING !
4	Awesomesauce ! Literally !
5	What a great tasting recipe .
5	Excellent quiche my friend !
5	this is cool 4 halloween partys
5	You had me at waffles!!!:o )
5	Oh yeah ....... !
5	This sounds very yummy
5	This was sooooooooo good .
5	My family LOVED these ! Thanx
5	This is simply delicious !
3	Bland flavor , will keep looking
5	I rate it 4.5
5	Wonderful ! Thanks !
5	This recipe was easy and delicious
5	terrific recipe ! loved it
5	Awesome ! Awesome ! Awesome !
5	It rocked y socks
5	it was so divine
5	This is good for your body
5	I used Gold&#039;s Horseradish Sauce .
5	Yum ! Everyone had seconds .
5	wow great flavor ! !
5	kickin ! !
5	What a find . thank you
5	It was fabulous ....
5	My DH loves this recipe .
5	Perfect dish!!!Everyone loved it .
5	thanks this works great dee
5	that 's the good stuff .
5	Awesome ! loved the profile !
5	You had me at Nutella !
4	My family enjoyed this .
5	My picky eaters love this !
5	This is an amazing recipe !
5	Great meal ! Thanks ! !
5	Husband and kids loved it .
5	low are you
5	Yum ! ! ! :)
4	This is real GOOD ! !
2	it 's ok
5	Mmmmm , these are good .
4	Good stuff . Tasted yummy !
5	Such a great idea !
5	As everyone says , great!Thanks Linda
5	This tastes fantastic !
5	That looks AWESOME ! ! !
5	This Is GREAT . !
5	Fantastic ! Loved it !
3	it was easy to make .
5	mmm . Bacon .
5	Everyone here loved it .
5	ummmmmmmmmmm .... yummy !
5	It was super .
5	mmm tasty
5	this is wicked good
2	This tasted bland to us .
5	This was soooo good ! !
5	My kids gobbled these up !
4	Great recipe . Thank you !
5	Favorite !
5	This is fabulous bread ! !
5	This was a real treat !
5	Mmmmmm ... mmmm .. good !
5	This was great and simple :)
1	It was horibble !
5	Really wonderful ! Thank you .
1	Blah .
5	these truly are awesome loved them
5	My family raved . Thanks .
5	this was good we enjoyed it
5	This is so good .
5	This recipe is simple
5	Eggcellent !
5	Excellent ! I loved it .
5	Oh my ! ! !
5	These were Incredible . Thanks !
5	WoW ! ! ! !
5	I just love !
5	Delicous !
5	Wonderfull ! !
5	These totally ROCK !
3	This was pretty blah .
5	Excellent ! Followed recipe exactly .
5	Everyone enjoyed these .
5	tasty , great !
5	This was delish !
5	Everyone loved this salad !
5	Tasty - thank you !
5	Great recipe ! Thank you
5	This is rich and delicious
5	It must tast GOOD
5	These cookies are gorgeous !
5	my kids loved these
4	This is easy and SUUUPPERR GOOD
5	Easy , yummy - thanks !
5	very good god i loved it
5	loved this a real favorite !
5	Nice muffins . Thanks for posting
5	This was outstanding !
5	darlene made this very good stuff
5	I absolutely love this !
5	I just love these !
4	yum yum yum !
5	this was absolutely delicious .
5	this was so delicious !
5	Man ! This looks awesome !
5	Wat this is crazy !
4	= d
5	These are a keeper !
4	yumm , yumm , yumm !
5	over the top nice job !
5	These taste great !
5	These were really good , thanks
5	Love love loveeeeeeee it !
5	Simple the best ! ! !
5	This turned out fantastic .
5	these look so good !
5	I rate it
5	Lovely recipe . Thank you .
3	This was good nothing spectacular .
5	Deeeeeeelish !
5	Yummmmmy !
5	Delicious ! Thanks , Kitten !
5	We loved these wings!!Thanks Linda .
5	these were very tasty and fun
5	These are great .
5	Deeeeelicious !
5	This gave it the extra boost,,yummy
5	It 's really good !
5	This recipe was great .
5	i think its woderful recipe .
4	I like I Like great recipe
5	I really really loved these !
5	This cake was great !
5	This looks really delicious !
5	This was a hit :D
5	Huzzah ! ! !
4	The cookies were great ......
5	Kids love it ..
5	What a treat !
5	This was just excellent !
4	Them there 's good taters !
5	easy i feel healthy already lolzwt9
5	yummmy ! ! !
5	These are delicious .
3	anything fried is good .
5	mmmmmmmmmmmmmmmmmm !
5	These are amazing ! ! !
5	Ohhhh soooo yummmmmmy ! ! !
5	EVERYONE loves these ! ! !
5	My boyfriend loves them !
5	Yummmmm ! Enough said .
5	This dish was amazzzzzzzzzzzzzzzzzzzzzzzzzzzzzzzzzzzzzzzzzzzzzzzzzzzzzzzzzzzzzzzzzziiiiiiiiiiiiiiiiiiiiiiiiiiiinnnnnnnnnnnnnnnnggggggggggggggggg
5	Mmmmmmmm ! These were awesome .
5	these where awesome
5	What a great throwback
5	This was yummy !
5	delicious!!!!i love chocolate ! !
5	How original looks very yummy
5	Yummy ..... ! ! ! !
5	Good job !
5	Yummy ! Looks so good !
5	sally loves these really good
5	yummy yummy yummy !
5	We loved this eggplant .
5	How easy is this ?
5	Great recipe . See photo .
5	I love these
5	We love these -
5	This was excellent .
5	This is very yumy dish !
4	This was great ! !
5	yummy ! ! ! ! !
5	This disappeared very quickly .
4	this sauce turned out great !
5	This was a great recipe !
5	More , more , more !
5	This recipe is Great!-Chef # 537816
5	Delicious Delicious Delicious ! ! !
5	mmm mmm good .
1	This is really bad .
4	MMMM ! smoooooooooooooth . Thanks :)
5	Oh my - just delicious
5	They turned out perfect ! !
4	yummm ! IT WAS GREAT
5	SOOOooo good , thank you !
2	Crust was soggy
5	The kids loved this recipe .
5	Mmmmm , that was good .
5	Great , great , great !
5	perfect . nuff said .
5	These are the best muffins !
5	These are wonderful ! ! !
5	My whole family loved them .
4	I use this recipe often
5	Just as it says
5	this was excellent !
5	Wow ! Looks wonderful !
4	I love you Aunt Laci !
5	wow this is good
5	It 's great with the cumin
5	loved this it was great
5	These are awesome ! !
5	What a great recipe Kadija !
5	you had me at polenta .
5	Now you are talking yumminess !
5	mmmmmmmmmm ... delicious
5	We love this zucchini bread !
2	Mine tastes like fried porridge
5	Wunderbar!!!!!Wunderbar ! ! ! ! !
5	These are great , thanks !
5	This was sent awesome
5	This was Great . ..
5	This is wonderful .
2	Well , it 's edible .
5	They turned out superb .
4	Yummy ! Family raves !
5	These are terrific !
5	Okra Fungi goes with everything !
5	I saut
5	GREAT , GREAT
5	Awesome ! Thanks for sharing !
5	hahahahahaha !
5	Awesome ! Awesome ! AWESOME !
5	Delicious ! Great recipe !
5	Excellent , a big hit !
5	I love it ! !
5	Awesome flavor . Love it .
5	Wow ! A real treat !
5	OMG ! Easy
5	Everyone loved them . Thanks .
5	Great ! Easy !
2	It was acceptional .
3	Not for me .
5	This is really YUMMY !
5	This is some good stuff .
5	This was fantastic ! ! !
5	this is so good !
5	Spicy corn rules !
5	I love
5	yum yum yum ...
5	5 stars I love this recipe
5	Very good . Thank you !
5	Yummy Yummy Yummy !
5	awesome ! ! !
3	These were okay
5	Great great and great thank you
5	Truly a restaurant quality dressing !
5	Awesome .. Everyone loved these !
5	I love Yummy 365
2	Not my favorite . Sorry .
5	Great Recipe ! Worked Perfectly :)
5	I eat only these non stop
5	Easy no brainer ! yummy !
5	good good good
5	It 's SOOOOOOOOOOOOOO Good !
5	We loved this !
5	This recipe is outstanding .
5	These were delicious ! !
5	My daughter loves this rice .
5	Oops forgot the 5 stars !
5	I love this Kris;o )
5	Very useful , thank you !
5	easy and everyone loves it !
5	Everyone loved these pretzels !
5	Deeeeelish ! ! !
5	As always EXCELLENT ! ! !
5	These tapas are deliciosas .
5	Two minute broil crisps the top
3	Where is the roux ?
5	They ARE the best ever !
5	Bye Bye Bisquick !
5	I frikken love these waffles !
5	I agree with Sara fish
5	this was wonderful !
5	These are amazing ! !
5	Delicious ! Thanks :)
5	Excellent ! Everyone loved these .
5	super super recipe ! loved it
5	Cake is good !
5	This cake was awesome !
5	it is great
5	I love LUMPIAS !
5	darlene loved this recipe
5	congrats sounds delicious
5	This is a great recipe
5	Que ricura ! ! !
5	delicious ! great combination
5	Yummy ! Thanks , Kittencal !
5	Awesome ! Teenagers love them .
5	Good , fast , frosting !
5	Yum - yum !
5	WOW ! Thank you :D
5	Amazing ! Thanks .
1	Not a fan .
5	Yum ! Thanks so much !
5	Amazing ! Thank - you !
4	This worked out lovely for cupcakes
5	These are relly good .
5	Wowsers this looks terrific .
5	wow easy great dish
5	It 's pretty darn amazing .
5	This is a wonderful Martini !
5	great cake thank you for posting
5	Scrumptious ! ! !
5	My family loved this ! !
4	Definately has lots of flavor !
5	Thanks , this worked great !
5	De - lish !
5	Hubby really enjoyed this float
5	darlene loves this cake
5	Great taste , loved it !
5	I love fish tacos !
5	I love this bulgogi recipe !
5	wonderful added 2 tablespoons of mayo
5	Delicioso ! Really enjoyed it .
5	This really works .
4	this stuff is pretty darn good
1	Yuck .
5	Firehouse hit . Easy too .
5	These apples were absolutely delicious !
5	Terrific ... Don&#039;t skip the Dijon
5	This truly is the BEST !
5	This was fantastic !
5	this cake was absolutely wonderful
5	good easy
5	This is sooooo good !
5	Yum!Yum !
5	This IS a great recipe
5	The kids loved these thanks jrjarmer
5	We LOVED this !
5	OMG - awesome bacon !
5	the cake was good
5	this is a really good burger
5	Bam ! !
1	instructions unclear , pressure cooker exploded
5	This was awesome!:D
5	These were great .
5	This is a wonderful vegetarian chili
5	Whole family loved this ? ?
5	YUMMMY !
5	It was good !
5	I like all of this .
5	The filling for these is incredible
5	Excellent ! Perfect !
4	These are good on pancakes .
5	They were great !
3	it is very good .
5	Outstanding is all i can say-----Thanks
5	Great idea .... love it !
5	darn good meatballs ! sw%u263A
5	Awsome tasting , thanks Linda .
5	These are Great ! ! KM
5	Outstanding . Thank you
4	My family liked this .
5	Smooth it is , very delicious
5	These look awfully good !
5	Yum yum yum ! ! !
5	awsome daughter loved it
4	This was great ! Thanks:- )
5	really good will be making agqain
5	Awesome ! ! :)
5	Everyone loved them ... easy too
5	Delicious ! Definitely a keeper !
5	These were very delicious .
5	These were AWESOME !
4	the family loves it .
5	kids love it
5	Great ! Just right !
3	These were nice muffins . Thanks
5	mmmm Lobster mmmm
5	This was delicious . Thanks !
4	Yumm !
5	This was delicious and simple !
5	We love this
5	Very yummy , thank you .
5	It was a big success ..
5	These were just delicious .
5	great ! added fresh rosemary
5	It works !
5	Delicious ! ! Perfect flavoring .
5	these are like heaven .....
5	This was delishhhhus ! ! !
5	Ahhh .... Childhood memories !
4	Can I use conut milk
5	Bro loved them !
5	This soup was great !
5	It really is the best !
5	It was really good
4	Awesome . Thanks .
4	This was great tasting ! Thanks
1	It&#039;s easy to make a
3	I found this really bland .
5	This is a great recipe !
4	Yummy ! Thanks !
5	In a word AWESOME !
5	OMG ... incredible ! !
2	The bread is tasteless .
4	We 're a fun treat !
5	Right on !
4	We will make these again Thanks
5	EGYPTIAN JOHN ... Thank you !
5	looking good an tastes the same
5	Great . But does need salt
5	This turned out so good !
5	We loves these rolls ! !
5	Yummmmmmmmm !
5	Yum cool tastes just right
5	This is a FANTASTIC recipy .
5	this was good
5	i lovvve tarts .. yummy good
5	fantastic flavour this is a keeper
1	Didn&#039;t set up at all .
5	Yummy really liked this dish .....
5	This recipe is VERY yummy !
5	It really does rock ! !
5	This is our favorite ..
5	this recipe mite help me
5	delicious I love ranch dressings
5	Brilliant recipe . Thank you ..
5	Holy Cow Wonderful ! ! !
5	This looks amazing !
2	Sorry .
5	I love egg salad
5	Yummy ! Fabulous drink !
5	The Horseradish really makes it special
1	it was ok but very plain
1	It started on fire .
5	Awsome recipe my family loved it
5	This is very good , thanks
5	Yummo ! ! ! !
5	This sounds delicious !
5	This is a great recipe .
5	  i love ginger dee
5	Definitely the best !
5	This is really the best !
5	Mmmmm , wonderful !
5	This soup is fantastic ! !
5	they sure are yummy
5	Buenisimo ! !
5	Perfect ! ! Thank you !
5	My kids love this meal .
5	My family loved this !
5	Ohhhhhhh this is good !
4	Tasty ! !
5	These were awesome !
5	everyone loved this , thanks !
3	This was just okay
5	awesome chicken dish ... loved it
5	I this recipe was great .
3	that was ok and super fast
5	very good ... used sour cream
5	This is the BEST .
5	This is a family favorite !
5	Deeeelicious =)
5	This was great .. thanks
5	My husband said , \
5	Mmmmm ! I love mushrooms !
5	Deeeelish ! Thanks for posting .
5	I used rice milk in this
5	this is a very good meal
5	Hazelnut 12 grain is amazing
5	I use this oil always
5	I love Christmas in July !
5	this bread is great
5	Great breakfast ! Thanks .
5	I love this pie
5	This chicken recipe is AWESOME !
5	This was yummy .
5	This works perfectly !
5	These corn dogs were awesome .
5	Awesome recipe ! Thank you !
5	this is great ! love it
5	good mr picky liked it
5	Yummmmmmm !
5	This square is awesome
5	original recipe ! liked it
5	What a bread
4	Everyone liked it !
5	I really thought it tasted good
5	this could be dessert !
5	Mmm , yummy !
4	Those where good
5	Just like the real thing !
5	These are very good !
5	These meatballs are fantastic !
5	This was great thanks ! !
5	I personally liked this .
5	This was a hit !
5	fantastic highly recommend this
4	My kids LOVED this !
1	This was a mistake .
3	Delicious ! ^^
5	definitely a keeper !
5	they 're great :D
4	Tasty .
5	This is great !
5	This is deeelish ! !
5	Ver Good
5	This is one rocken sandwitch !
5	Easy ! Tasty !
5	wonderful ! thanks !
5	easy tastes great zwt9
5	WOW BEST EVER < br/>met4
5	Delicious ! Thanks .
5	I added honey to mine .
5	  this is good
5	Good ! | //// high5
5	You are a
5	Yummy ! yummy !
5	muy delicioso !
5	delicious ! =)
5	This recipe is restaurant quality
5	Super ! Thanks for posting !
5	That recipe is really inviting !
5	mmmmmmm mmm good
5	thanks for posting ... was wonderful
5	Alicia have a drink
5	mmmmmmm is all i can say
5	Oh and I used Dijon mustard
5	EXCELLENT - thank you !
4	Wow ! Yummy !
5	Nummy !
5	This was good
5	Perfect ! Thank you !
4	Omg lovely
5	Scrumdiddleumptious !
5	Awesome recipe ! Love curry !
5	This chili was great
5	Oh my ! Delicious !
5	Thumbs up , fantastic !
5	that was sooooooooooooooooooooooooooooooooooooooooooooooooooooooooooooooooooooooooooooooooooooo gooooooooooooooooooooooooooooooooooooooooooooooood
5	i just love it :D
5	This was easy & delicious .
5	yep lol em good breakfast
5	I forgot to rate it .
5	I thought this was very good
5	These are simply fabulous !
5	scrumdidilidoo ! !
5	This is a fabulous soup !
3	Blah ...
5	Delicious ! Will make again .
5	Absolutely brilliant , thank you !
4	Awseome .
5	MMMmmmmmmmm served with fresh shrimp !
5	very good :) loved it
5	Love !
4	Family loves them !
3	This is only ok
5	Yummmmmmm ! ! ! !
5	Yummm !
5	We love them !
4	  in cantonese we do say geema
4	Pie Filling was easy and delicous
1	Yuck !
2	somehow mine came out really salty
4	Family gobbled it up so good
5	most delicious rolls with little effort
5	Easy . Everyone loved these .
5	Perfect ! ! ! ! !
5	Nom nom nom !
5	Um um ... Thanks Grandma !
5	You are so creative .
5	I like the mayo !
5	Addicting ! !
5	So good , thank you !
4	Great ! Added some mushrooms .
4	Lots of flavor added more garlic
5	Its great ... loved it ...
5	Yumm ! !
5	Everyone loved these cookies !
5	Great ! I used Toni 's
5	These were really good !
5	I could live on these .
5	hubby adored this !
5	yummmm !
5	It looks good so far .
5	I LOVE these potatoes ! !
4	these were great ! !
5	These were delish !
5	Fave .
5	Mmmm , perfect mashed potatoes !
3	Recipe # 12898 is better .
5	wow ! ! !
4	This is great .
5	I forgot to do this!!!:):P
5	These are sooooo good ! !
5	These were fab .
5	This is so yummy !
5	I love this soup !
5	Deeeeelish ! Thanks for sharing !
5	the kids love it thank you
5	wow !
5	wow this is really good stuff
5	This was so good .
3	These turned out very soft .
5	oops wrong recipe
5	Yummola !
5	these are the best !
5	The whole family liked this .
5	These are yummy !
4	This was interesting !
5	It was so beatuiful .
4	This was ok .
4	These were good no complaints !
5	It was excellent !
5	mmm , mmm , good !
5	These are to DIE for !
5	the whole family enjoyed these !
5	I love it ! Refreshing !
5	This was perfect !
3	This is only OK .
5	We all loved this !
5	Delish ! ! ! Thank you
5	This is most excellent .
5	easy to follow and tastes great
5	mmm Delicioso ! ! ! !
5	This recipe is spectacular !
5	this was SUOPERB
5	or it could be kaskaval
5	Very good will mak it again
5	Picky young eaters loved it !
4	Wonderful ! Turned out great@
3	ok my moms are better
2	Blahh , these are yucky .
5	This is absolutly NUMMY
4	Good - Thanks
4	This is definitely a keeper !
5	This is a wonderful recipe .
5	Everyone loved it !
1	What a waste of ingredients .
5	Yu - Um ! !
5	GREAT ! !
5	yum = o
5	this was wonderful cake
4	These turned out very well .
5	deliciouusss !
4	I used enchilada sauce pick temp
3	Good Idea ! Thanks !
4	It 's delicious and strong .
5	This was beyond amazing ! !
5	My family loved this recipe .
5	These ribs were so delicious !
5	my family loves these
5	We love this recipe !
5	They were so good
5	OMG ! Divine
5	Wowza , these are great !
5	OUTstanding ! AAA .
4	I do like the Rum Cake
4	these were pretty good .
3	it was ok .
5	Exactly like Jiffy ! Thanks !
5	This is a good one !
5	we loved these ! yum :)
5	This was very tasty .
4	We enjoyed this . Thanks .
5	this is a good recipe .
5	they smell of christmas ! !
4	my children love it .
5	I&#039;ve tried many different puppy chow
5	Wow ! Delicious
3	My family thought this was ok
5	This is the best ! !
1	Definately needs sugar
4	Marvelous ! ! !
4	We liked this
1	These were horrible .
5	I just finished making it amazing
5	Umm ... WOW ! !
5	Uhhhh ...... Yum !
5	WoW ! Yummy !
5	Delish ! I used prosecco .
4	Hubby enjoyed this .
5	debbie uses bisquick same results
5	this is sooo good
5	I love the description
5	mmm ... yummy !
5	i love this recipe !
5	This turned out very nice !
5	its was great amazing
2	It wasn't good .
5	darlene liked this alot easy recipe
5	This works ! Awesome !
5	Very Good , we enjoyed it
5	this should be good enough
5	Easy , family loved them
5	Awesome ! We loved it !
5	Superb ! ! ! !
5	This is sooooo good .
2	I 've had better .
4	it was a good tasty recipe
5	It turned out delicous ! !
5	Delicious ! * hic *
5	My family loved this dish .
5	amazing . We loved it
5	Excellente ' ! ! ! !
2	All are good
5	The are the best waffles ever
5	Nice recipe ! Thanks !
5	everyone loved it .
5	It was AWESOME !
5	The cheese fanatics loved it !
5	this is really good .dee
4	Delicious . Thank you .
5	Nice !
5	Good dip ! ! !
5	Boy is this gooooood ! Thanks
4	They look delicious !
5	Delicious ! ! :)
5	i loved this it was wonderful
4	Sorry , duplicate .
4	This is a fabulous recipe .
5	What a stunning cake
4	I liked these muffins .
4	These were very tasty .
5	This was great . Thanks
5	v Very good . Thanks
5	My three kids love them .
5	i love these
5	It is Sooooo Good
4	it was good
5	i thought it was yummy
5	This is fantastic ! ! !
1	Disgusting . What a waste .
4	Hubby loved it .
5	would garlic puree work
1	This is unimpressive
5	i like blueberries mmmm ...
5	we loved it.will make again
5	This was terrific !
5	easy !
5	These are great ! !
5	Love these my favorite ? ?
4	Mmmmm , tasty !
5	this is an awesome drink !
5	These are yummy mashed potatoes !
5	Excellent bread ! we loved it
5	WOW ! Just wow !
5	this is easy and very good
5	This was just DELICIOUS!:-D
5	This is a delicious soup !
5	This was very very good
5	it 's the best !
5	We all enjoyed !
5	Everyone devoured these ! !
5	This looks fantastic !
5	Yummers ! ! !
5	Mmm gooood !
5	This looks so comforting !
1	This is not a bisque .
5	Hmmm~ Yummy !
5	i love this .dee
5	Great great , Nancy ! !
5	This is a magical combination !
5	That 's Heaven:&quot ;)
5	these are DELISH !
5	This is amazing !
1	something is missing i think
5	i liked this for brunch
4	this was very very good
5	Great chops ! Thanks !
5	I like this one alot !
5	This is THE one ...
5	my family loved it great recipe
5	This really was that good !
4	Tasty , thank you !
5	Mmmm ....
5	My bad Greatttt eats !
1	Salty ! ! ! !
3	It was good but like jello
5	This truly is fabulous !
5	Excellent . Period !
1	I agree .
5	this is an excellent recipe
5	I used tahini!:D
4	This cake is great .
5	This came out perfect
5	These were REALLY good .
5	wow , wonderful !
5	Wonderful . Kids loved it .
5	husband loved it , thanks .
1	yuck !
5	You forgot the flour
5	These are outstaning !
5	my husband loved this dish !
5	This is the very best:- )
5	MMMmmmmm , good !
5	Great ! ! ! ! !
4	This was very tasty !
5	its true its all true
5	Entire family loved it ... Thanks
5	My husband was completely wowed !
5	The name says it all
5	DH loved it !
5	It was absolutely amazing
4	I liked these cookies !
5	yum yum yum!!!!!!1
5	Simple and family enjoyed this .
5	It works .
5	I thought this was delicious
5	excellent ! i get rave reviews
1	This came out very runny .
4	Very nice ! Thanks ellie !
5	hmmm .... great !
5	In one word , wonderful !
4	Mmmm . Tasty .
4	This turned out really well
5	Yummmmm eeeee
5	We love these wings !
5	You 're always a winner !
5	Your recipe looks fantastic !
5	These appetizers taste amazing !
2	this was very nice ..
5	Such a pretty dish !
5	This was great
5	' Twas delectable .
5	Excellent ? ?
5	THESE ARE GRRRREAT !
5	I made this today ... Yummmmmmmy
5	Unbelievably delicious . Thank you .
2	it was not very good ...
5	This drink is fantastic !
5	she loved it
4	wonderful . thanks so much !
5	This was fabulous ! ! !
1	This recipe ruined my day .
5	Yummmeee ! ! !
5	My kids loved it
5	That is awesome !
5	Spectacular ! ! ! !
5	This is a great simple recipe-
5	WONDERFUL ! Enough said !
5	O ! M ! G !
5	the cookies are very good
5	Mmmm mmmm !
3	These are very good ....
5	These are WONDERFUL !
5	Recipe turned out great !
5	Delish ! Thank you !
5	It came out awesome .
5	Mmmmm delicious
5	I love this recipe .
5	I love this .
5	These turned out fantastic !
5	I love this ! Thanks .
5	It is delecious!!!!!!!!!!Kay
5	This dish is great !
5	  Excellent ! ! ! !
1	Mhhh yess I luv beans
5	Wow , this was great !
4	My kids loved this
5	excellent . refreshing thanks
5	This is my family&#039;s favorite !
1	The taste was awful .
5	Awesome these are great !
5	My family loves these ! !
5	really good i liked this.dee
5	mmmmmmmmmm ...... yummy !
5	This is delicious ! ! !
5	Yep ...
5	We loved this sauce .
4	yumy , thanks for sharing
5	This is quick and tasty !
5	All i can say is OUTSTANDING
5	This is a Great Recipe !
5	This is really good bread .
5	Like everyone said ,
5	Tasty and easy love it
5	This bread and is delicious .
5	This Banana Bread is fantastic !
5	Excellent ! Added chopped walnuts .
5	Oh my goodness ....... perfection !
5	Perfect would n't change a thing
5	I love it . Thank you
5	this is so good
4	yummy ! Thanks
5	mmm , good !
5	This was really nice .
4	  Very good .. Thank you
5	The frosting was fantastic !
5	Wonderful soup ! Thank you !
5	This is extremely spectacular !
5	nice !
4	Definitely a keeper !
4	What an awsome idea thanx
5	This was sooo yummy !
5	My family loves this dish .
5	Excellent flavor . Liked it alot
5	I love this idea !
5	super yummy ! highly recommend !
5	Spectacular ! Thanks Tornado Ali !
5	They were amazing !
5	i m ryan
5	Gosh ... This is Great !
5	Asome !
5	WOW ! Excellent dish !
5	Great soup will make it again
1	i did nt like it
4	why snakes on sticks
5	AWESOME ! ! ! ! !
5	COOL is the word !
5	This sauce is delicious !
5	good job
5	They be good - uns .
4	What is the oven temp ?
4	Delicious ! Thank you .
5	I love you .
5	This was DELICIOUS ! ! !
5	Everyone loved these treats !
5	Yum ! Enough said .
4	Everyone love it !
5	Great job ! We grilled ours
5	yum yum yum ! ! !
5	really good rice .. thank you
5	this taste horibal
2	I found this excessively sweet .
4	The Hubby loved it ! !
5	this was great !
5	i&quot;m surprised how nice it is
5	very tasty my friends loved it
5	This was great with fruit Fee
1	Made steaks taste pickled:- (
5	This was amazing !
5	My fourth grader loved this !
5	It was fabules ! !
5	These are REALLY yummy !
3	The cookies are too sweet .
5	Deeeliscious !
4	Good will make again .
5	icing is GREAT
5	These were AWESOME ! ! !
5	Excellent appetizer , everyone loves them
5	yummy . Definitely a keeper .
5	This was awesome!Very thick and tasty.thanks
5	RIGHT ON ! Debbie97380
5	thanks ! !
4	My DH loved this !
5	This was very excellent !
5	soooooo gooooood !
3	We thought this was good .
1	What happened to the cognac flambe
5	Yummmm ! :)
5	What a terrifically tasty idea !
5	darlene called these ruth ans bars
5	Yummy . Thanks for posting !
5	These were wonderful !
4	Goood ! ! !
5	deliciouso ! !
5	Excellant ! !
5	These are amazing ! Yum !
3	The cake was very lite .
5	Family enjoyed this side
5	I thought this was great !
2	The seasonings were too overpowering .
5	I love gluten free foods
5	i like the pink twist !
5	great dish . Will make again
5	WOW .......... Great idea lol
5	Simply perfect . Thank you !
5	yum , test !
1	It was terrible , sorry .
5	It is really yummy
5	These are sooo delish ! !
5	This is wonderful comfort food !
5	Just like Olive Garden !
5	YUM ! nuff said .
4	These are very yummy !
5	Wow . Incredible flavoursome !
3	This was very nice .
1	They fell apart
5	Phenomenal ! ! Great job !
5	This soup was awesome !
5	The soup was amazing !
2	The pork chops tasted bland .
5	super !
5	I absolutely loved this !
5	These are soooo good .
4	Even better the second day !
5	great , thanks
5	Yummylicious !
5	i loved the taste
4	good frosting . Thank you !
5	These were amazing .
5	My family loved this dinner
3	this recipe is a good drink
5	This bread is awesome !
5	Omg ! Awesome ! !
5	These are amazing cookies !
5	Loved it ! Thank you .
5	I thought it was wonderful .
5	Fabulous ! A real keeper .
5	Fantastic ! Thx Chippie
4	that was good and eazy thanks
4	it was grate
5	It 's awesome .
5	Awesome ! Whole family loved it
5	My mother called this dish
5	My family loves this .
5	Just .... WOW !
3	These were different but good .
3	it was dry not rich
5	This is my FAVORITE breakfast !
5	mmmmmm !
4	this was great ! ! !
5	It was perfect and easy .
5	I sent a foto !
5	Excellent ! A keeper !
5	I accidentally rated this recipe .
5	I LOVE these pancakes !
5	easy and good tasted .dee
5	i added some tony cacheres
5	OMG ! , ,
5	They look awesome !
5	This is TOO COOL !
5	Epic ! ! !
5	yum ! ! Sounds fab !
5	Fabulous ! Thank you !
5	Yummmm just like my mommas
5	Mmmm ... blisss ...
5	Very helpful and these are delicious
5	This is refreshing .
1	Monte Christo ? Not !
5	Yum Yum
5	This is definetly GOOD ... Thanks
5	sue had this recipe very easy
4	Hubby really enjoyed his dinner .
5	awesome bill . thank you .
5	you did good
5	These are a great side !
5	This was easy and great~
5	These tacos are very good .
5	this was great
5	Excellent chickee !
5	mmmm - yum
5	Delicious ! ! Great recipe !
5	This worked great for me .
5	Awesome .... was gone in minutes
5	This was GREAT !
3	I thought it was good !
5	Yummy , yum yum yum !
5	Yummer !
5	These were super yummy !
5	These are scrumptious
5	Oh this is so addicting !
4	Unbelievably good ! Thank you !
5	it was wonderful .
4	Quick & Easy , Thanks .
5	Very good we def recommend !
5	I bet this is adorable !
5	This was delicious ! !
5	Yum , I loved it !
5	Delish , Delish , Delish .
4	This was yummy pasta . Thanks
5	Excellent ! Thank you
5	Llooovvveee it ! ! ! !
5	Everyone loves this recipe !
4	Very good enjoyed it a lot
5	Really good will definitely make again
5	I made this it 's great
5	This was great and easy !
4	what a recipe
5	Wow makes plenty ! Tastefull .
5	Yep , it 's perfect !
5	I&#039;m thinking
5	I love the light texture
5	mmmmmmmmmmmyummy !
5	This crust recipe is delicious !
4	These were very nice . thanks
5	that is pretty goodz
5	what is a cocoa nib ?
5	Easy pesy amd taste great !
5	This was AMAZING ! Best ever
5	OMG ! Amazing !
4	Cake turned out good !
5	but u need 2 have pictures
5	YUM ! ! loving this recipe
5	The whole family loved it .
5	Perfect pandesal i love it thanks
5	My family really enjoyed this .
4	These were easy and delicious .
4	Yum , Yum , Yum
5	Simply wonderful , thank you
5	This was a great hit !
3	This was an ok pie .
5	wow this is a great pie
5	Delicious , thanks .
5	My family loves you !
5	I loved the food !
5	Delicious ! Easy ! Perrrrrrfect !
5	This gravy is just perfect ...
4	this stuff is awesome
5	wow ! this was soooooooooooooooooooooo good
2	The breadcrumbs got soggy .
4	substituted scallops with Crab was excellent
1	Uh oh , raw eggs .
5	oh yeah good food good food
5	Mmmm ! Delicious !
5	it was yuuuuuuuuummy
5	We thought these were incredible .
5	Delizioso !
5	everyone absolutely loves this lasagna .
5	I love this ! ! !
5	This chicken is absolutly deliciouse .
5	friends love it !
5	Yum ! real quick too .
5	This was exceptionally good .
4	Mmm ... lovely !
5	Cheesehead they 're wonderful must try
5	Comfort food ... mmmmmmmm
4	it was horrible
5	how easy is that ... brilliant
5	easy to do tasted great
5	This is really very good .
3	My husband enjoyed this .
5	Entire family loved this one
5	perfecto ! .................
4	I love it ,
5	This is excellant !
5	I enjoyed this very much .
2	it came out watery
4	very good will make agian
5	Excellent ! Tastes good !
5	Yumm - ee - oo !
5	We really liked this .
5	What a keeper ! YUM !
5	Perfetto !
5	We loved the flavor !
5	This soup is Great !
5	It was great
5	Delicious ! Thanks for posting :)
5	My family loves these rolls !
5	this sounds good
5	Lifesaver ! Thank you .
5	I loved these .
5	these are great !
5	Mmmm mmmm good
5	Yes , please !
5	What a meal ! !
5	If my sister made it .
5	I like it on toast :)
5	My kids love this classic .
5	What a great recipe !
3	Not bad cake
5	freakin YUM !
4	Each serving is 7 smartpoints .
5	yyyyuuuum ! ! ! !
5	I love healthy food .
5	Mmmm , cheesy
5	delicous !
5	  how simple its good dee
5	I love zac sauce
5	this was excellent ! :)
2	These came out tough .
5	This is AWSOME ! !
5	this chili ROCKS
3	Good rolls !
5	This was the absolute bomb .
5	Excellent ! Made as directed .
5	it is excellent ! ! !
5	My family always makes this .
5	This is genius !
5	Everyone loved it ! Thanks !
4	my hubby LOVES this recipe !
5	yum ! this was great !
5	We 're keeping this one ...
5	Kids loved this ! Thanks !
5	This was awsome ! ! !
5	This recipe was simply great !
5	We added chopped Water Chestnuts .
4	and some garam masala !
1	It is like rubber .
1	it did nt turn out
4	YummY ! !
5	This is one for the Holidays
5	This was delicious
5	  delicious !
5	excellent - everybody loved it .
5	Everyone liked it .
5	Sure is killer !
5	This is an Excellent sauce !
5	Soooo good ! Thank you
5	blam!!!done .really easy really good
5	very nice ! Thankyou
5	wow .
4	We loved it ! Thanks--
5	This is amazing .
5	This leaves me speechless
5	Family loved it ! !
3	My calculator says 5 pts
1	It 's just a hamburger !
5	Very Picky husband loved it !
5	This was absolutely delicious :)
5	Everyone loved these .
5	Fantastic ! Thanks Marie !
5	VeryGood !
5	We like these a lot :)
5	Champ !
5	this was a wonderful dish !
5	Yummy ! My favorite enchiladas .
5	This looks so delicious !
5	YUMMMMM ! ! Great recipe !
5	Yum ! Looks delish !
5	Yummy looks great Sherri
5	I like this :)
5	Love Crab looks yummy
5	This is my kind of slaw
5	oh my what a great recipe
5	This looks so good :)
5	Tasty ! ! !
5	these are my absolute favourite cookies
5	Yum - Yum indeed !
2	This was NOT tasty .
5	great casserole we loved it
5	This was really fantastic .
5	We loved it , very flavorful
5	AWESOME ! We love them !
5	This was very good ! !
4	Yummy . Flavor was good .
5	Smooth !
5	My little sister is addicted !
5	Perfect ! ! ! !
5	This recipe is very good
4	I liked it toasted .
4	Lovely . Thank you !
5	Just like the real thing .
5	Everyone enjoyed these !
5	I will try 1st
4	It was good- really good .
5	it&#039;s good
5	We love these with Rosemary .
5	I concur .
2	it 's ight not the best
5	i loved this
5	These are brilliant !
5	It tastes great !
5	My husband loved it
4	Frosting is delicious .
5	Love , love , love .
5	This is an awesome recipe !
5	This dish is excellant !
5	darlene called this pear conserve ve
5	These are great chimichangas
5	This one is a keeper !
5	I bow down to you .
5	tht was really good
5	This was delicious .
3	that was ok .. thanks
5	Amazing ! Chocolate Heaven !
4	Mmmm ! ! !
5	this is amazing
2	The sauce was great !
5	I just really liked them !
5	Old school perfection . Thank you
5	Fabulous ! Our favorite dressing
4	This was easy and good .
5	this is good .dee
1	these were really boring and tasteless
5	So yummy delicious must try
5	I highly recommend this soup !
5	this is wonderful !
5	this really works !
5	Yummmm !
4	Kids liked it a lot .
3	hubby definitly loved this
5	Good , Good , Good !
5	This turned out perfect .
5	Superb . Thank you
5	This is absolutely fantastic
4	This is an ol'time favorite
4	wonderful and it works ! !
5	One more is never enough .
5	This chicken rocked the house !
5	pudding heavy cream evaporated milk
5	yummmy yummmy yummm (=
4	I thought these were pretty good
5	These were simply fantastic !
5	It was delicious
5	This soup is wonderful !
5	gr8 ! ! ! !
5	This dish is superb !
5	yum ! ! ! !
4	These were pretty good ! !
5	Family liked , thanks !
5	My whole family loved this !
5	The recipe was very good
5	These are restaurant quality !
5	I could live on this .
5	darlene loves this its elviras recipe
5	This had great flavor !
5	Simple things are the best !
5	this is great love it
5	My husband always request this .
5	This is the real deal .
5	My husband loves this receipe
5	yummers !
5	We totally loved these burgers !
5	L also love baking
5	GREAT RECIPE ! Thank you !
5	Fantastic I used bread flour
5	This recipe is absolutely fantastic !
5	Wow , just simply amazing !
4	We Liked this thanks
5	yum , thanks for sharing
5	These were decadent and easy .
5	These came out great !
2	that was nt bad
5	Good ! ! !
4	The whole family loved this !
5	l love corn
5	Perfect ... thank you
5	kittencals strikes again . Excellent
5	delightful ! !
5	L love salmon
5	I LOVE this recipe !
5	Great ! Thanks for sharing .
5	These are terrific .
5	They came out perfect .
5	Delicious . Actually makes 10 .
5	This is SALSA !
5	The loaf turned out nicely !
5	Omg !
5	These are the BEST ! Roxygirl
5	It did freeze well .
5	This was FABULOUS ! ! !
3	okay i guess
5	Twas delish . Thanks ! !
5	AMAZING ! enough said !
5	it 's great !
5	anything withjalapenos is mmmmmmmm good
5	DELICIOUS ! !
5	This recipe rocks ! ! !
1	Vinegar taste was too strong
5	Ummmmm .... lemony .
5	Just like GRANNYS . A+
5	100 % thank you
4	This was delicious ! Thanks !
5	These are delish ! !
5	  i loved these .dee
5	These were top notch !
5	This is wonderful-
5	This was good and easy !
5	just like when I was little
5	These were perfect ! !
5	Thanks ! These were GREAT !
5	Excellent , no left overs !
5	delish ! Thanks !
5	mmmmm yummy .
5	Definitely a hit !
5	THIS WAS INCREDIBLE ! !
4	it was very good
5	This recipe is fantastic !
5	yum yum
5	We love this recipe
5	Wonderful ! Thank you !
5	I certainly do
5	We loved this will make again
5	Simply delicious ... thank you
4	I will try this ! Pat
4	This was pretty good .
5	WOW this is the bomb
4	such a naughty treat !
5	This is one delicious dish !
2	This tatses great with fruit
5	This is the best recipe ever
5	This is soooo delicious Thanks Rebecca
5	Excelente ! ! !
5	This sounds delish !
5	This worked great . Thanks .
5	This worked wonderfully thanks !
5	It worked perfectly ! Thanks !
2	did nt turn out very well
5	Yahoo ! !
1	not the best
5	My family LOVES these cookies
5	This is soooo good !
5	This is good !
5	This pie is awesome !
5	GREAT !
5	Everyone loved this ! !
5	They melt in your mouth !
3	This recipe was okay .
5	Yummmmm .
5	It was easy and very yummy
5	Delicious , enough said .
5	It 's oh so YUMMY !
5	sooooo good ! thank you .
5	tasty ! thanks for sharing !
4	My son loved this !
5	These cookies are simply delicious !
5	These turned out delicious !
3	The flavor was very rich
5	Wonderful . Thanks .
5	I 'm hooked :)
5	Voila !
5	i ADORE this ! !
5	terrific recipe ! thoroughly enjoyed it
5	Good ! ! ! !
5	awsome !
1	I thought this was awful .
3	It was ok . Simple .
5	lemon makes perfection
5	Great find . Thank you !
5	i love your recipe
5	mmmmmmmmmmm YUM ! ! !
5	we love these ! ! !
5	OMG ! These are the best
5	these were great !
5	Yum ! Delicious !
5	It will brighten your day
5	My son loved making these !
5	Uh - mazing !
5	Fantastic . Thanks
5	OMNOMNOMNOM these are delicious .
5	They are SOOOOOOO GOOOOOODD
5	This is absolutely great !
5	they 're awesome period .
5	What is the cream chesse for
5	This was SOOO GOOD !
5	It was very good .
4	this is rreallyy nice ..
5	I will do this again .
5	It was very Yummy ! !
4	These were really good .
5	Very Yummy ! Kid approved .
4	Mouth Watering ...
5	terrific !
1	I followed every step to the
5	wow this recipe rocks .. TY
5	I love bierocks !
5	This looks delicious :)
5	I love it , great recipe
5	The pie was absolutely delicious !
5	Great recipe ! loved it !
1	This had absolutely no flavor .
5	this looks delicious
5	Yummyy :)
5	Perfect . Thank you .
1	MHHMMM YES I LUVV beans
5	Perfect ! thanks so much
4	It came out great !
5	This is fabulous !
5	A must try
5	hmmmm very tasty i love it
3	This was ok , nothing special
5	delish ! thankyou for another keeper
4	The end result was tasty !
5	this was really good
5	It 's delicious .
5	These look and sound delicious !
5	this was SO delicious !
5	these brownies were bomb diggidy doodle
5	This really helps .
5	Very tasty ! Thanks KeyWee !
5	This rice saved my marriage .
5	This was delicious . Thanks
5	The ingredients say it all ...
4	spot on !
5	whoo - hoo this was great
5	Excellent . Thanks Lisa .
5	Omg ! ! Aaaamazing ! !
5	The gravy was so delicious !
5	Yum yum yum !
5	super great and fast Thank You
4	I really enjoyed this dish !
5	I added a little garlic BAM
5	This dip was super good !
3	it was good soup ...
5	This recipe was AMAZING !
5	This came out amazing !
5	wow great meatloaf
5	I quite agree queen Astro pirate
5	these are so flavorful loved them
4	meh it was allright
5	Winner !
4	yummy . thanks !
5	breading is especially yummy !
5	Excellent ! Thanks
5	everyone really liked it !
5	Mmmm Mmmm !
4	My kids loved them .
5	ohhhh yeah
5	My family loved it
5	This is pretty good ! !
5	Just like Tim 's !
5	this is a very good recipe
5	Awesome . thanks !
5	This method is so easy !
5	awsome ! ! !
5	Love this , I add mushrooms
5	Perfect . thank you !
5	I love these ! !
5	Delicious ! Great recipe .
5	Amazing ! ! ! Enough said
3	This was ok
5	Oh Yeah !
5	We loved these cookies !
2	I was n't impressed : [
5	This turned out AWESOME !
1	Flavors did n't jive .
5	Great ! Thanks
5	Very nice , thank you !
5	excellent recipe . Love it !
5	This recipe is mouth watering !
5	wow kitten this is the bomb.dee
5	I Love It
5	testing , looks yummy !
4	that was a good cake
5	We Loved this recipe . Thanks
5	What a delicious recipe .
1	the ingredients are expensive
5	they are so good
5	Absolutely wonderful ! ! Thank you
5	My family loved these ! Thanks
4	Yup , I like this
5	This is great ! Thank you
5	I love fresh Garlic Bread !
3	it was oright that 's all
5	all I can say is wow
5	very authentic . thank you
5	This was yummy
5	hubby ate the whole thing !
5	This was great . Thanks .
5	what an easy breakfast good flavor
5	This was excellent . Thanks
1	This was horrible . Sorry .
5	It was great .
5	awesome , I love quinoa
5	This is really good .
5	it was really good :)
5	I truly was in heaven !
3	cool , it sounds great !
5	Yum ! These are fantastic !
5	Yummmers !
5	Dave ! This was awesome !
5	The marinade was great .
5	Fantastic , we loved this .
5	Definitely the best ! !
1	Can you can this sauce ?
5	The garlic smells so wonderful !
5	Just what I needed . Thanks
4	it roks
4	taste was great !
5	we loved this !
5	Delicious ! :)
5	Even turnip haters love this !
5	Entire family loves this
5	Excellent Flavor ! Thank you !
5	Lovely recipe turned out great .
5	these are awesome potatoes
5	Easy . Thanks !
1	it was not to good
4	Great recipe really loved it .
5	what a hit ...
4	We love hash !
5	Amazing ! Yum !
5	Delicious is all I can say
4	Scrumptious ! !
5	Excellent recipe ! Thank you ..
5	My daughter loved it ! !
5	This recipe is amazing !
5	These are just wonderful !
4	I like this shot
5	Deeeelishhhh ! ! ! !
5	wow ! chocolious !
5	Yumm~ These cookies are delisous~
5	Well , alright alright alright ...
5	it 's a good recipe
5	Yum Loved the salmon .
5	I just love this recipe !
5	Delicious did not change a thing
5	these are good
5	peanut butter + chocolate = win
5	These were amazing
5	these are delicious ! ! !
5	This is REALLY GOOD SALAD !
5	mMMMM mMMmmm .... perfect
5	I 'm hooked !
4	What ... No Bacon ?
4	Yummy i love it & lt;3
5	Delish ! Thank you .
5	Yep , 10 stars !
5	The skin was so good .
5	sugar is listed twice
5	my famly loved it
5	I simply love it !
5	These were amazing ! ! !
5	I love Italian
5	Nice job Stella .
5	This is soooooooo good .
1	Nope .
5	This recipe tastes really yummy !
5	I added 1 large yellow onion
5	delicious no ham though ?
5	My family LOVES this recipe !
5	very good , thank you .
5	Yumm It Worked Perfectly
4	great mates loved them
3	I liked this !
5	Um um good !
5	Kids loved them
5	Butter is better
5	This is SOOOOOO yummy :)
5	The family loved this !
5	These are addictive !
5	Yummers !
5	This sounds great .
5	Unbelievably delicious ! Thank you !
5	Awesome ! THANK YOU !
5	I used 153 proof Grain alcohol
3	I like it
5	This was very very good !
2	It was O.K.
5	this looks good ! ! !
5	We really enjoy this recipe .
5	What great Burgers .
5	This looks and sounds delicious !
5	this makes a tasty appetizer .
5	I forgot to rate =)
5	This was fantastic . Thanks .
5	Delicious . Thank you Theresa .
4	Liked !
5	Fabulous everyone loved it .
5	yum :D I love this gravy
5	it tasted perfect
5	Grrrrrrrrrrrrrreat !
5	my family loved it !
5	These were excellent .
5	Delicious ! ! ! Thanks .
5	I really love this recipe
3	We liked this rice- thanks !
5	We just loved it !
5	very tasty ... I loved this
5	family loved this on triscuits
5	Yum ! Definitely a keeper .
5	It was perfect !
5	What a Great Idea !
5	This was a awesome dessert .
5	great recipe I loved it
5	awsome . Thanks !
5	It is good !
5	These muffins are sooo good !
5	Easy , tasty&fast . Thanks
5	husband loved this ! ! !
5	I used Carolans .
3	Nice shortcut take on spanikopita
5	how good tasting is this.zwt9
5	Husband LOVED this !
5	Easy . Excellent .
5	Yum yum .
4	Family really enjoyed these !
5	i use vodka instead of bourboon
5	Delicious!!!!!!what more can I say !
5	WE LOVED this ! ! !
5	sauce was sooo good !
5	My family really liked this recipe
5	So easy , it&#039;s amazing
5	Wow just wow
5	Deeeelicious ! !
2	Ok .
5	This recipe is SOOOOOOO delicious !
5	These are taste - tastic !
2	It was an okay meal .
5	Wow great taste .
5	A keeper < br/>It works
5	This is quite addicting ! !
5	wonderful thank you !
5	Everyone loved this !
5	The taste is delicious ! MAB
5	Oh my god ..........
5	Yummy ! THanks Kittencal ..
5	These are fantastic ! ! !
5	great , delicous
5	Perfect , thank you !
5	These are excellent .
5	Delicious ! I baked mine .
5	AWESOME !
5	Yep , this is amazing .
5	super good , thank you
4	my family loves this easy lasagna
5	way to go mom to rose
5	Mummm ! Thanks
5	This was wonderful ! Thanks !
5	very informative ! Thank you !
5	They were delightful
5	The flavor is so delicious !
5	AMAZING .. I loved it .
5	Amazing , yummy , Thank you
5	Very nice made with Chambord .
4	This is a verry good dip
5	We loved it ! !
5	We relly enjoyed this one;thanks
5	Delishous !
5	its great love the sauce
5	These are DELICIOUS ! Thanks !
5	I strongly recommend these !
5	Awesome thanks ! ! ! !
5	This as absolutely delicious .
5	great cake i love it
4	Wow ! Rich & delicious .
5	This looks so wonderful !
5	Oh YUM ! ! ! !
5	This works GREAT ! !
5	It worked . Thank you .
1	I would n't recommend
4	My husband loved them !
5	Just the thing !
5	My DH loved this .
5	This was great ..........
5	The family liked it !
5	Yummo ! !
3	The recipe was bland tasting .
5	Just delicious ! Loved it .
1	I 'm allergy to rice
5	Yummy ! Yummy !
5	my golden retriever loves these !
5	delicous I love it
5	Kids loved it
4	I enjoyed this as well ...
5	easy and i love it !
5	I liked it , yummy !
5	These are SO good !
3	The meat came out tough .
5	Great Recipe ! Love it !
1	just not the real thing ...
5	Great recipe ! Try it !
5	Great job Josee !
5	Everyone here loved it !
4	making now looks good
5	All gone !
5	Awsome cornbread thank you .
5	Excellent ! ! Thanks ! !
5	These pancakes are amazing !
5	great drink loved this
5	Killer !
5	excellent ! Thanks !
5	Ultimate ! Everyone loves This
5	This is Great !
5	Great , They were DELICIOUS .
5	It is so delicious !
1	This recipe didn&#039;t taste nice
5	It was a hit !
5	This is absolutly delicious
5	This chicken was mouthwatering !
5	Fire ? ?
5	What a great dip !
4	my family loved this !
5	This soup was delicious !
5	added chipotle it was great !
5	This was awesome ! ? ?
5	This is the best website
3	i 've had better .
3	Ammmmmmmmm ........ i like it
5	It was a \
5	This really is great salsa .
5	Excellent flavor ! Bueno !
5	Great , these are perfect .
5	DEEEE - LISH!!!!!HIGHLY RECOMMEND .
5	It was so good
5	It Was Great
5	This is an awesome cake !
5	Bliss !
5	Great ! Dressing is wonderful !
5	Delicious ! Will make again!Thanks !
5	This dressing is the best !
4	Dressing is delightful ! Thanks !
5	These chips are great !
3	Sauce was nice .
5	Fabulous ! ! 5 stars
5	DH loved it , thanks
5	Delicious . Everyone loved them .
5	Yum Yum ! ! ! !
5	This looks extremely delicious .
5	deeeelicious !
4	tasty .
5	Yum ! Yum !
5	This looks terrific !
5	Flavor was delicious !
3	This came out really good !
5	what s good diggity dogs
5	Incredible ! Absolutely loved it !
5	Yep . This is it !
5	its good ! ! thank you
5	this is a great custard dessert
5	It 's simply wonderful !
5	I just love this recipes .
4	great easy recipe loved it
5	My husband adored this quiche
5	Yummy . Thanks Chrissy :)
5	These were awesome , thanks !
5	I can&#039;t wait to try this
5	We really liked them !
5	Fabulous Thank you !
2	this recipe is unintelligible ....
5	This rocked !
5	Sooo good ! Thank you (:
1	Not a good one .
5	MArvelous sums it up !
5	These were simple and yummy !
5	These are really yummy rolls !
5	MMMMMMM Need I say more ?
5	This is absolutely delicious !
5	This was just wonderful . :)
5	I&#039;ll try it !
5	5 stars is not enough !
5	Excellent ! Turned out perfect !
5	Wow , wonderful EXCELLENT ....
5	Amazing ! ! Loved them ....
5	You know it . :)
5	GREAT ! ! thanks
5	This really works ... Really :)
5	WoW ! ! !
5	This is very good and easy
4	The mister really liked this .
5	This bread was incredible .
5	Good . Thanks for sharing .
5	YUUMM !
5	My childcare kids loved them !
4	Not my favorite .
5	I will definatly make again .
5	Thumbs up!!!:d
5	Nice job Chef ! Delicious !
5	Amazing dish ! LOVE IT :)
4	The kiddos loved it !
5	great option thank you !
5	These were fabulous ! ! !
5	good ! ! !
5	This taste so good !
5	excellent ! ! !
1	Honey is not vegan .
5	Simply fantastic ! Thank you .
5	I luv this !
5	Beautiful thank you
5	these turned out very good thanks
5	i loved it
5	i love the taste
5	This was really delicious .
5	These are rediculous .
5	Hi Uncle Roger ! Unbelievable !
5	  i liked this alot .dee
5	Delicious . Thank you
5	darlene likes these cookies
5	Holy Cow Good ! ! !
1	My microwave caught on fire .
5	Mush goooood .
5	Awesome ! I love this
1	Chicken was dryed .
5	wonderful . dh loved it thanks
5	These were very yummy !
3	This was decent .
5	I loved it ! ! !
5	They are beautiful ! ! !
5	yay i love crossonts
5	This recipe is SO good
5	really easy tasted great love smoothies
4	Cute ! Thanks for sharing !
5	Great . Wife had seconds .
5	My family just loves this sauce
5	Over the top good !
5	These are absolutely delicious thank you
5	This is amazing
5	These are the greatest muffins .
5	I quiet agree charlotte
5	DEEEEEEEEEEEEEElicious ! ! !
5	Great idea ! Worked well !
5	These were wonderfull !
5	Yup , it was yumminess .
5	Deeeelish ! ! !
5	Deeelicious !
4	Soooo yummm
4	These are pretty good !
4	This is an amazing recipe ...
5	This is delicous ! YUM
5	Very good ... thank you !
5	OMG delicious !
5	even my kids liked this one
1	Omg .
5	WOW ! Sooo yummy !
5	These are Wonderfull , thank you
5	Extremely tasty ! Thank you !
3	Guests liked this recipe
5	My favorite was the Bernaise .
4	yum :)
5	Quick and easy ..... tastes great
5	Buddha approves .
5	this is perfect !
5	Yum yum yum
5	This was delish
5	This was so simple
5	This was delicious . thank you
5	Excellent ! Family favorite
5	sue has this recipe its good
5	decadent , man .
5	That was super good thank you
5	everyone loved it ! ! !
5	Yummyyy ! ! !
5	great ! ! !
3	This cake tastes great :)
5	My whole family adores these !
5	Delicious . Needs no alterations !
5	Bravo . Bravo .
5	This was great ! Very Sweet
5	I would not change this recipe
5	Awesome ...... added red wine
5	Mmmmm .... nummies ....
5	It 's a keeper
5	We Loved it !
1	Not it .
5	This is the best .
5	YUM ! Enough said !
5	delicious ! thanks for posting !
5	This was AWESOME ! !
5	These are good !
5	Kids loved it !
5	The photo is stunning ! !
5	Sure is delicious . Love it
5	Yummy ! Definitely a keeper !
5	We loved this glaze !
5	Excellent ! Thank You !
5	Delish ! Awesome !
5	i did like it lol dee
1	ingredient list is confusing
5	it was delicous
5	delicious , thanks !
5	These cookies were surprisingly delicious !
5	wow ! ! ! !
5	These are good vegan cupcakes .
5	Deeeelish !
5	Przepyszne ! ! !
5	This WAS quick and easy .
5	This is seriously amazing .
5	This is yummy !
5	This is wonderful bread !
5	This was so delicious !
5	we LOVE this marinade !
5	This is a good looking meal
5	This was great ! Delicious !
4	We enjoyed this very much .
5	This recipe sounds delicious ! !
5	This was my 1st cake
5	Yummmmmm !
5	i love it its the bbbeeesssttt
5	They turned out simply awesome !
5	Julius 's secrets unlocked !
5	what a great idea mate
5	This was excellent
5	It worked great ! !
5	This combo was amazing !
5	Cherry sauce is the best !
5	This tastes awesome !
3	They were ok
1	It was a meal .
1	rubbery ... beurk ! never again
5	Yummy Yummy Yummy ! ! !
5	We loved these Halloween sandwiches !
5	These are outstanding !
5	I grew up on these.:- )
5	wow great drink
5	You said it - awesome !
5	Could nt ask for better
5	These freeze beautifully !
5	wow this is awesome
4	This sounds delish ... must try
5	Yum thanks !
5	Oh yummiest
5	This stuff is amazing !
5	this sounds awesome
5	I. Love . These .
5	Next Christmas must try
5	This is great ! ! :)
5	Wow fantastic
5	Phenomenal ! !
5	i love this soup ! !
4	it was delicious .
5	this recipe is mind blowing .
5	My husband loved these !
5	would nt change a thing
5	Yumyumyum !
5	Terrific cookie ! Thanks
5	These wre great ! !
5	All gone ! !
5	Exellent !
5	Great recipe , really enjoyed it
5	Oh WOW!;-D
5	This is sooo good !
5	Perfect , enough said .
5	this looks really yummy thanks
5	Great ! Great ! Great !
5	sometimes simple really is best !
5	This is a tasty classic .
5	This is an excellent recipe .
5	simple its delicious i know
5	It is a good recipe .
4	Everyone liked it :)
5	I enjoyed this very much !
4	These are just great !
5	We loved it , thanks .
3	It was just ok .
5	It was okay
5	it was scrumptious
5	Jami . I quite agree
5	i liked it
4	mmmm .... YUM
5	Delish ! ? ?
3	This was different .
5	My family loved these .
5	Fantabulous ! !
5	Delicious ! Thanks Kim
5	my family loved it
1	what a waste of ingredients
5	fast easy tastes great zwt9
5	I 'm speechless !
5	wow great dish
2	These are really plain
5	Great snack ! Loved it !
5	Everyone loved it . Thanks !
5	Deeeeeelish !
5	Very tasty , thank you .
5	Added bacon , chicken ,
2	Recipe turned out dry
5	awsome awsome
5	Oh these are GOOOOOOD !
5	This tasted delicious !
5	Wonderful Thank you ! !
5	tasty !
5	These cupcakes are amazing .
5	My family really liked this
5	This was a nice pie
5	wow i love this dee
5	I post a foto
1	I love the cupcake
5	It sounds great !
5	OHHHHHhhhhhh YAAAAAaaaaa !
5	everyone loved this !
5	how many muffins does this make
4	Would premade pizza dough work ?
5	It&#039;s was so good ...
5	My boys loved it
5	My Girlfriend loved this .
5	Nice salad . Thank you !
4	Husband loved it . thanks
5	Yum . ' Nuf said .
5	Omg .... yumm - oo
5	Everyone loved them !
5	absolutely delicious ! THANK YOU !
5	Delicious , we enjoyed these !
5	Whole family loved it !
4	This is pretty tasty .
3	can i use a dehydrator
4	this is good bread
5	These were so good thanks
5	The recipe is spot on .
5	i liked this alot .dee
5	Very helpful ! Thank you !
1	Bad ca n't eat
5	Bacon makes everything fabulous !
5	I liked it !
5	I like it !
5	bf liked it .
5	The whole family loves these !
5	Loos delicious , must try !
5	Mmmm yummy ! !
5	Amazing ! Absolutly LOVED it !
5	it was amazing ! ! !
5	Yumminess ! ! ! ... giggles
5	Baking could n't be easier
2	This is so incredibly bland ...
5	This was amazing
4	Good recipe . Thank you .
5	My BF loved this !
5	Great . I omitted the sugar
1	It was really bad
4	This disappeared at our house .
1	I will try it tonight
5	My daughter loves these .
5	These were a hit ! !
1	Why was my post rejected ?
5	THE BEST ! Thank you !
5	These cookies are delicious !
5	it 's really work ..
5	Our kids love it .
5	Mmmmm .
5	We liked it so much !
5	Fantastic ! ! Thanks Linda
5	Awesome ! Everyone loves this !
5	this is good and easy
1	ha bieeeeeeeeeeeeeeeeeer
5	Excellent ! ! So Easy .
5	This rub , rocks
2	Very thin followed recipe any ideas
4	its mouth watering
4	They were great .
5	My family LOVED it .
4	We call it Timpana Mapleleaf
5	very nice spread had on burgers
5	Yum , thanks for sharing !
5	This turned out pretty good .
4	Yummy ! ! ! Thanks
5	Delicious ! :) Thank you !
3	We really liked this recipe .
5	this is delicious !
4	How long to you store this
5	This was excellent and easy !
5	gret loved them
5	this is delicious
3	That was ok
5	These cookies were delicious !
5	This is easy and yummy Thanks
5	My kids loved it .
5	Puala Dean Rocks !
5	AWESOME ! !
5	This worked fantastically !
5	This was very very good .
5	Amaaaaazzzziiiinnnngggg ! :)
5	Deee - lish !
5	This was fantastic .
5	those are super good .. thanks
5	this is the best ...............
1	Velveeta ? ? ? No .
1	whop the hell likes avocado
5	these are great and so easy
4	These were really great ...
4	That was some TASTY Chicken
2	Ok good
3	The topping made the cake .
5	Amazing , thanks !
5	I&#039;ll be making this tonight !
5	This recipe made beautiful cookies .
5	We really liked these sandwiches !
5	The name says it all .
4	This was awesome ! Joan Loof
5	This recipe was wonderful .
5	i lovee it
5	Delish - its a keeper .
5	I loved this
4	This sounds wonderful !
5	Just like momma makes !
5	This is a keeper ! !
5	Peggy , this is a
4	It was awesome . ...
5	darlene loved these
3	It was alright taste bitter
5	Tasty , thanks !
5	Yum , delicious !
4	These are sweet like lollies !
4	These are sweet and yummy !
4	Tasty . Thank you .
5	Yummm the ginger is perfect .
5	We really enjoyed this one .
5	This marinade is AMAZING !
3	This recipe was flavorless .
5	thnx !
5	This is most excellent !
5	Dericious !
4	This was pretty good ! Thanks
2	it 's ok .
2	Not for our family at all
5	TEST but YUM !
5	These are killer ! !
5	Excellent ! We loved these !
5	This is a great idea .
4	A perfect summer sidedish .
5	yum - o !
5	mmmm !
4	it was ok and good
5	Wonderful recipe . Loved it .
5	husband enjoyed this very much !
5	We loved this ! Keeper !
5	these are a nice easy cookie
5	Perfect . Thank you !
5	We absolutely loved this recipe
5	great pie liked it alot
5	I just loved these
5	sauce was sweet and pleasant ...
5	This was awesome ! !
5	i love it is so good
5	Deeeeeliciousssssss !
5	These were great . Thanks !
4	it was fun to make
5	Great recipe ! Tasted wonderful .
